og_representation,mapping,confusion,frequency
प्लाट,Plot,,360976
खसरा,Khasra,,267036
न,N,,191404
रकवा,area,,183342
है,Hai,,168977
भाग,Bhag,,165270
का,Ka,,160107
किता,Kita,,155708
एक,1,y,147592
नं,No,y,138029
व,V,,132629
क्षे,Area,,90372
सं,no,y,88454
वर्ग,square,,80149
रकबा,Area,,79564
खाता,Khata,,78886
मी,Mi,,69051
आराजी,registered,,65589
नं०,no,y,63328
मकान,house,,62616
कृषि,Agricultural,,54707
है०,hectare,y,53930
जो,Jo,,50315
सं०,,y,49506
कुल,Kul,,48180
वर्गमी,Sqaure,,46878
न०,no,y,45452
में,Mai,y,45366
संख्या,No,,44965
खाली,empty,,44451
से,Se,,43234
गाटा,Gata,,42134
ए,A,,42012
नम्बर,No,,38684
भूखण्ड,plot,,35672
मे,Me,,33678
कालौनी,Colony,,32960
मौजा,Mauja,,31795
स,S,,31624
नगर,Nagar,,31544
सम्पूर्ण,Sampurn,,31053
मि,Mi,,29465
पर,Par,,29370
के,K,,29180
बी,B,,28172
भवन,Bhavan,,27841
आदि,Aadi,,27573
विक्रय,Vikray,,27140
अन्दरून,Andrun,,26436
वर्गमीटर,square meter,,25457
मीटर,Meter,,25117
हैक्टेयर,Hectare,y,23798
स्थित,located,,22125
जमीन,Jameen,,22098
अपने,Apne,,21892
नंबर,no,,21244
भूमि,land,,20662
हे,He,,20588
क्षेत्रफल,Area,,19735
प्‍लाट,Plot,,18561
हिस्से,Hisse,,17643
दुकान,Dukan,,17390
गा,Ga,,16404
सी,C,,16270
मि०,,y,15793
जुज,Juj,,15652
खेत,Khet,,15539
वाकै,Vakai,,15181
आगरा,Agra,,14922
बना,Bana,,14824
निगम,Nigam,,13074
बाकै,Bakai,,13023
जिसका,Jiska,,12910
अ,A,y,12696
वाटर,Water,y,12559
जी,G,,12351
आवासीय,Aavasiy,,12288
जायदाद,Jaydad,,12194
रेट,Rate,y,12078
प्लॉट,Plot,,11221
ख्ेतखसरा,,y,11101
फेस,Phase,,11072
कालोनी,Colony,,11053
ई,E,,10160
तल,Tal,,10143
खसरानं,Khasranan,y,10014
ब,B,y,9847
यानि,Yani,,9511
एस,S,,9499
श्री,Shree,,9452
केवल,Keval,,9080
तादाद,Tadad,,9020
डी,D,,9014
यानी,Yani,,8895
प्रथम,1st,y,8708
फ्लैट,Flat,,8609
जिला,district,,8511
एफ,F,,8501
निर्मित,Nirmit,,8311
बिहार,Bihar,,8299
की,Ki,,8031
तहसील,Tehsil,,8028
अंश,Ansh,,7829
ख,K,y,7585
ब्लाक,Block,,7487
क्षे०,Area,y,7445
वर्गगज,Varg gaj,,7286
सिटी,City,y,7129
अन्दरुन,Andrun,,7116
मी०,,y,6929
दो,2,y,6621
क,K,y,6615
भूतल,Bhutal,,6598
कॉलोनी,Colony,,6564
वाटिका,Vatika,,6372
धाम,Dham,,6224
स०,,y,6196
विक्रीत,Vikrit,,6160
व०मी०,square meter,y,5467
काभाग,Ka bhag,,5440
नम्बरी,no,,5401
तादादी,Tadadi,,5383
फलैट,Flat,,5362
कि,Ki,,5345
फिलैट,Flat,,5045
पुराना,Purana,,5017
विहार,Vihar,,4949
खसरानं०,Khasra no,Y,4916
आपस,Aapas,,4903
मिले,Mile,,4875
नया,new,,4776
मेसे,Mese,,4717
है।,Hectare,y,4714
मथुरा,Mathura,,4693
नगला,Nagla,,4620
सैक्टर,Sector,,4613
एकड,Acre,,4574
सेक्टर,Sector,,4495
हिस्सा,Hissa,,4480
ख्ेत,,Y,4470
गज,Gaj,,4102
सम्पत्ति,Sampatti,,4095
नरायच,Naraych,,4076
आबादी,Aabadi,,4029
भूमिधरी,Bhumidhari,,3930
उत्तरी,Uttari,,3764
पक्ष,Paksh,,3731
मिनजुमला,Minjumla,,3708
पूरा,Pura,,3692
कृष्णा,Krishna,,3649
निकट,Nikat,,3625
नंबरी,no,,3548
मंजिला,Manjila,,3502
कुंज,Kunj,,3493
कॉलौनी,Colony,,3486
दक्षिणी,Dakshini,,3484
टी,T,,3475
वर्गमी०,Sqaure,y,3466
पार्ट,Part,,3435
संख्‍या,Number,,3401
प्रथमतल,Prathamtal,,3287
क्षै,Kshai,,3149
पूर्वी,Purvi,,3147
आई,Aai,,3053
मेरा,Mera,,3052
पूर्ण,Purn,,3042
टावर,Tower,,3018
एम,M,,3012
पश्चिमी,Pashchimi,y,3001
अपना,Apna,,2935
एन्क्लेव,Enclave,,2879
हे०,Hectare,y,2868
क्षेत्र,Area,,2851
वाके,Vake,,2779
यूनिट,Unit,,2731
पी,P,,2724
मेंसे,Mainse,y,2714
फ्लोर,Floor,,2658
सम्‍पूर्ण,Sampurn,,2596
एककिता,1,y,2589
द्वितीय,2nd,y,2583
ब्लॉक,Block,,2581
छत,Chat,,2526
वग्र,square meter,,2493
रिलीज,Release,,2463
फलेट,Flat,,2451
एच,H,,2448
एल,L,,2429
आराजीरकवा,registered,,2399
स०ं,,Y,2358
वकदर,Vakdar,,2339
विक्रित,Vikrit,,2275
खसरान,Khasran,,2244
किया,Kiya,,2209
न्ं,no,y,2209
आर,R,,2204
खा,Khasra no,,2177
व्,,y,2168
राधा,Radha,,2156
ग्राम,Gram,,2145
नई,Nai,y,2130
पुरानी,Purani,,2114
बनी,Bani,,2106
मय,May,,2104
आगरा।,Agra.,y,2099
हैा,Hectare,y,2090
शेष,Shesh,,2077
वार्ड,Ward,,2048
वग्रमी,square meter,,2030
बांगर,Bangar,,2020
गार्डन,Garden,,1957
वर्गम्ी,square meter,y,1925
प्राईवेट,Private,,1903
ग्रीन,Green,,1901
हैक्ट,Hect,y,1889
तामीर,Tamir,,1876
पुरम,Puram,,1874
कृष्ण,Krishna,,1815
इकाई,Ikai,y,1797
एन्कलेव,Enclave,,1786
रेजीडेन्सी,Residency,,1775
हैं,Hain,y,1772
तय,Tay,,1705
कुलक्षे,Kulkshe,,1692
खेतखसरा,Khetkhasra,,1657
पलाट,Plot,,1653
योजना,Yojna,,1630
डब्लू,W,,1591
वी,V,,1569
वर्गमीप्लाट,square meter,y,1557
गोदाम,Godam,,1555
फल,Fal,,1552
बॉकै,Bokai,y,1513
एक्सटेंशन,Extension,,1507
स्टेट,State,,1457
बकदर,Bakdar,,1445
रोड,Road,,1443
लगायत,Lagayat,,1423
बसन्त,Basant,,1421
राधाकृष्ण,Radha krishn,,1406
तीन,3,y,1382
प्लाटन,Platan,y,1375
विक्रेता,Vikreta,,1346
अ‚,A,y,1336
क्षैत्र,Area,,1336
ख०सं०,Khasra no,y,1326
भूमिमुक्ति,Bhumi mukti,,1298
मात्र,Matra,,1295
तृतीय,Trutiy,,1288
संपूर्ण,Sampurn,,1256
एन,N,,1249
बिना,Bina,,1230
फिलोर,Floor,,1218
रकवाकुल,area,,1191
व्यवसायिक,Vyavsayik,,1190
गणेश,Ganesh,,1187
राज,Raj,,1174
टाउन,Town,,1163
फीट,Feet,,1156
फलोर,Floor,,1153
वर्गम,Sqaure,,1149
विकास,Vikas,,1147
जे,J,,1132
मिन,Min,,1118
राधिका,Radhika,,1115
द्वितीयतल,Dvitiytal,,1102
आय,Aay,y,1098
आधा,Aadha,,1088
ग्राउण्ड,Ground,,1077
गिर्राज,Girraj,,1065
वैली,Vaili,,1065
ग,G,y,1061
एस्टेट,Estate,,1046
मंजिल,Manjil,,1033
आवास,Aavas,,1031
भूखण्‍ड,Bhukhand,,1031
तक,Tak,,1025
पोइया,Poiya,y,1012
वृन्दा,Vrunda,,1001
जुमला,Jumla,,998
नि,Ni,,997
ख्ेतखसरानं,,y,995
कमरा,Kamra,,993
सौदा,Sauda,,980
प्लाजा,Plaza,,976
क्ष्े,Area,y,966
तयशुदा,Tayshuda,,964
पॉकेट,Pocket,,961
वि,V,,959
क्रषि,Krashi,,948
यथोचित,Yathochit,,941
प्लाट‚,"Plot,",y,932
अपार्टमेन्ट,Apartment,,930
मौहल्ला,Mauhalla,,926
टाईप,Type,,925
वृन्दावन,Vrundavan,,923
श्रीराधा,Shri radha,,919
र,R,y,916
जा,Ja,,913
खसरास,Khasra no,,907
गली,Gali,,902
एरिया,Area,,901
मौह,Mauh,,896
फ्लौर,Floor,,877
फुट,Foot,,874
बांकै,Bankai,y,872
सखंया,Sakhanya,,860
जिसमें,Jismain,y,858
कृष्णाधाम,Krishandham,,857
भूखंड,Bhukhand,,854
भाग‚,"Bhag,",y,844
गोवर्धन,Govardhan,,843
टू,To,,827
शिव,Shiv,,823
अछनेरा,Achnera,,818
उत्तर,Uttar,,818
है०में,Hectare,Y,812
ऑन,On,,806
मुस्तकिल,Mustkil,,802
तृतीयतल,Trutiytal,,796
गढी,Gadhi,,792
बाग,Bag,,792
चतुर्थ,4th,y,774
न्यू,New,,770
पश्चिम,Pashchim,y,765
नगरनिगम,Nagar Nigam,,763
अंदरुन,Andrun,,758
बृज,Bruj,,757
बाके,Bake,,750
सै,Sai,,748
दुर्बल,Durbal,,745
पुष्प,Pushp,,743
अंदरून,Andrun,,738
कान्हा,Kanha,,728
चक,Chak,,727
मंे,,y,726
अन्तर्गत,Antargat,,723
सराय,Saray,,718
सरिता,Sarita,,717
शान्ती,Shanti,,714
दक्षिण,Dakshin,,712
बाहर,Bahar,,712
सैकिण्ड,2nd,,706
डिस्चार्ज,Discharge,,701
अहीर,Ahir,,691
शुदा,Shuda,,686
फ्लेट,Flat,,684
अमर,Amar,,678
पार्क,Park,,676
वन,Van,,676
श्रीजी,Shreeji,,675
हाल,Hal,,673
बैकुण्ठ,Baikunth,,672
प्लाटनं,Plot no,y,670
वर्तमान,square meter,,666
दितीय,Ditiy,,665
रोहिणी,Rohini,,656
ओम,Om,,652
हैक्टैयर,Hectare,y,652
ताजगंज,Tajganj,,651
सिकन्दरा,Sikandara,,648
पुष्पांजली,Pushpanjali,,647
गोविन्द,Govind,,646
अविभाजित,Avibhajit,,643
तुलसी,Tulsi,,643
अजय,Ajay,,637
मीरा,Meera,,637
यमुना,Yamuna,,636
रहा,Raha,,636
मौज़ा,Mauja,,633
मुकिर,Mukir,,624
बरौली,Barauli,,618
योग,Yog,,618
प्रथमपक्ष,Pratham paksh,,616
कार्यालय,Karyalay,,613
कॉम्पलैक्स,Complex,,610
फ,F,y,605
प्रकार,Prakar,,602
खण्डन,Khandan,,594
हेक्टेयर,Hectare,y,583
दोनों,Dono,,582
किरावली,Kiravali,,579
वगमी,square meter,,579
वतादादी,square meter,,578
चार,Char,,573
द्वारिका,Dwarika,,572
गणपति,Ganpati,,571
यू,U,,570
जैरीन,Jairin,,569
अपार्टमेंट,Apartment,,568
शिवधाम,Shivdham,,567
नंं०,no,Y,565
दान,Dan,,562
रुनकता,Runkata,,562
शिवशक्ति,Shiv shakti,,562
सख्या,Number,y,562
इस,Is,y,557
कवर्ड,Covered,y,557
भगवती,Bhagvati,,556
सुपर,Super,,554
धनौली,Dhanauli,,551
क‚,K,y,547
निधिवन,Nidhivan,,546
सिंह,Singh,y,545
न०ं,no,y,542
पंचम,5th,y,538
महाराजा,Maharaja,,538
स्मार्ट,Smart,,538
बिहारी,Bihari,,536
केशव,Keshav,,531
हिस्सों,Hissson,y,530
मि०‚,,y,528
उन्नति,Unnati,,527
विकृत,Vikrut,,527
खसरासं,Khasra no,y,522
प्लाटसं,Plot san,y,515
गा०स०,,y,514
आवादी,Aavadi,,512
तरफ,Taraf,,511
द्वतीय,Dvatiy,,511
वग्रम्ी,square meter,y,511
दोनो,Dono,,510
प्रकाश,Prakash,,509
बल्देव,Baldev,,508
बलराम,Balram,,507
व०,,y,507
मेरे,Mere,,503
खातों,Khato,y,499
भागरकवा,Bhagrakva,,499
सीकरी,Sikri,,498
पुष्पाधाम,Pushpadham,,495
सिल्वर,Silver,,493
सीलिंग,Ceiling,,493
गंगा,Ganga,,492
कलवारी,Kalvari,,491
कस्बा,Kasba,,491
ऑफिस,Office,,488
सेकिण्ड,2nd,,487
बाजार,Bajar,,481
खेती,Kheti,,478
अशोका,Ashoka,,476
महादेव,Mahadev,,476
ए‚,"A,",y,474
कृष्णधाम,Krishnadham,,474
छत्त,Chatt,,473
हुये,Huye,,471
तथा,Tatha,,470
बोदला,Bodla,,469
वैष्णो,Vaishno,,468
मार्केट,Market,,466
बसई,Basai,y,464
रौहता,Rauhata,,462
विला,Vila,,462
दुर्गा,Durga,,460
लोहामण्डी,Lohamandi,,458
रॉयल,Royal,,457
ग्राउंड,Ground,,455
खसर,Khasa,,453
जिसमे,Jisme,,451
इमारत,Imarat,,450
नम्‍बर,no,,448
मौ,Mau,,445
नन्द,Nand,,442
क़षि,,Y,441
प्लाअ,Plaa,y,437
क्षेत्रफल्,Area,y,435
खातो,Khato,,435
नारायण,Narayan,,433
रही,Rahi,,431
जाे,Jo,,430
घटवासन,Ghatvasan,,428
राधे,Radhe,,426
जिसकी,Jiski,,425
पूरब,Purab,,424
ककुआ,Kakuaa,y,422
रामनगर,Ram nagar,,422
खादर,Khadar,,420
हज्जाम,Hajjam,,420
जुज़,Juj,y,418
गोपाल,Gopal,,417
मां,Ma,y,417
रूनकता,Runakta,,417
खुली,Khuli,,416
दहतोरा,Dahtora,,416
तह,Tah,,414
जगह,Jagah,,411
बैली,Baili,,411
नंवर,Nanvar,y,410
फिलेट,Flat,,407
कुलरकवा,Kularkava,,406
प्राइवेट,Private,,406
अपर,Upper,,405
बेसमेंट,Basement,,405
प्रेम,Prem,,403
पूरव,Purav,,401
चतुर्थतल,Chaturthtal,,399
जीवनराम,Jeevan ram,,399
टाऊन,Town,,398
बेसमेन्ट,Basement,,397
कुन्ज,Kunj,,396
कर्मयोगी,Karmyogi,,395
रामा,Rama,,395
रेजीडेंसी,Residency,,395
गाटास०,,Y,394
मार्ग,Marg,,394
समीप,Sameep,,394
सुनरख,Sunrakh,,394
घ,Gh,,390
महोली,Maholi,,386
हैकटेयर,Hectare,y,385
काम्पलैक्स,Complex,,384
मण्डी,Mandi,,383
कस्वा,Kasva,,382
ड्रीम,Dream,,382
एवं,Avam,,381
राम,Ram,,377
रामबल,Rambal,,377
सहाई,Sahai,y,377
न्०,no,y,376
बृजधाम,Brujdham,,375
मीअर,Miar,y,374
नाप,Nap,,373
पैलेस,Palace,,373
संंख्या,Number,,373
बांके,Banke,,372
चुंगी,Chungi,,371
वास,Vas,,369
मध्य,Madhy,,367
तह०,,y,366
संजय,Sanjay,,366
जाट,Jat,,365
त्रतीय,Tratiy,,365
खसरान०ं,Khasra no,y,362
वकदरभाग,Vakdar bhag,,362
मोती,Moti,,359
खा०सं०,Khasra no,y,356
हैक्टे,Haikte,y,355
जिस,Jis,,354
टैक्स,Tax,,353
गोपालधाम,Gopaldham,,344
श्याम,Shyam,,344
खातासं,Khata no,y,342
फर्स्ट,1st,,342
है०मेंसे,Hectare,y,342
खसरांन,Khasra no,y,341
हरी,Hari,,341
मु,Mu,,340
हैक्टे०,Hectare,y,340
डब्ल्यू,W,,338
पानीगॉव,Panigov,y,338
शारदा,Sharda,,337
शिवपुरी,Shivpuri,,337
जयसिंहपुरा,Jaysingh pura,,336
लक्ष्मी,Lakshmi,,336
शंकर,Shankar,,335
है‚,Hectare,y,334
आनन्द,Anand,,333
बजरंगधाम,Bajrang dham,,333
उपवन,Upvan,,332
उखर्रा,Ukharra,,331
मि‚,Mi,y,327
रेजीडेन्‍सी,Residency,,326
खास,Khas,,325
प्लाटंन,Plot number,y,322
पूजा,Pooja,,321
सनसिटी,Sun city,y,321
बाद,Bad,,319
इन्द्रपुरी,Indrapuri,,318
खेडा,Kheda,,318
हाईटस,Heighta,,318
ई०डब्लू०एस०,,Y,316
महेन्द्र,Mahendra,,316
पुरामना,Puramna,,314
खण्ड,Khand,,312
मॉ,,Y,311
थर्ड,3rd,,310
सब,Sab,,310
रकव,area,,309
सिक्स,6,,306
केशवकुंज,Keshavkunj,,305
ख्सरा,Khasra,,305
दूकान,Dukan,,305
ड,D,y,303
होम्स,Homes,,303
कर,Kar,,302
मु०,,y,302
लोक,Lok,,302
गणेशधाम,Ganesh dham,,301
राजपुर,Rajpur,,301
फस्ट,1st,,298
हरीपर्वत,Hari parvat,,297
हैं।,Hectare,y,297
पीलीपोखर,Peelipokhar,,296
कुसुम,Kusum,,295
जगनपुर,Jaganpur,,294
मैं,Main,y,294
वैष्णोधाम,Vaishnodham,,293
सम्पूर्ण्,Sampurn,y,293
टाइप,Type,,291
नैनाना,Nainana,,290
है०के,Hectare,y,290
कॉरपोरेशन,Corporation,,289
अनन्तम,Ananatam,,287
माँ,Ma,y,287
ंस,,y,287
जोकि,Joki,,285
हंसराज,Hansraj,,285
बिचपुरी,Bichpuri,,283
राजीव,Rajeev,,283
अन्दर,Andar,,281
गुलमोहर,Gulmohar,,281
पूरे,Pure,,281
फ़्लैट,Flat,,281
वाई,Y,y,280
वाटररेट,Water rate,y,280
समपूर्ण,Sampurn,,280
भा,Bha,,279
हमारा,Hamara,,279
अकबरा,Akbara,,278
बमरौली,Bamrauli,,277
संं,San,y,277
हाईट्स,Heights,,277
कहरई,Kahraee,y,276
पवन,Pavan,,276
ताज,Taj,,274
खसरासं०,Khasra no,y,273
गोल्डन,Golden,,273
बी‚,"B,",y,273
आवसीय,Aavsiy,,272
इकरारनामा,Ikrarnama,,272
मलपुरा,Malpura,,272
ग्रीन्स,Greens,,271
माधवकुंज,Madhavkunj,,271
और,Aur,,270
मंडी,Mandi,,270
अन्दरून्,Andrun,y,269
गीता,Geeta,,269
हाउस,House,,269
प्रा,Pra,,268
वना,Vana,,268
गनेश,Ganesh,,267
प्लाटखाली,empty plot,y,267
रायभा,Raybha,,267
राहुल,Rahul,,267
गा०,,y,265
निर्माण,Nirman,,265
श्रीकृष्णा,Shri krishna,,265
ओ,O,,264
खे,Khe,,264
गा०सं०,,y,264
सांई,Sai,y,264
लोअर,Loar,,263
देव,Dev,,262
वर्गफीट,square feet,,261
शास्त्रीपुरम,Shastripuram,,261
आदिनाथ,Adinath,,260
खातान,Khata,,260
वैशाली,Vaishali,,260
सिंघल,Singhal,,260
खेवट,Khevat,,259
नगर‚,"Nagar,",y,259
न०नि०,no,y,258
बालाजी,Balaji,,257
आफिस,Office,,256
थ्री,3,,256
नम्‍बरी,no,,256
आराध्या,Aaradhya,,255
एंड,And,,255
खण्डनसुदा,Khandansuda,,255
सैमरी,Saimari,y,255
गोविन्दपुर,Govindpur,,254
ईडब्ल्यूएस,EWS,,253
व्यावसायिक,Vyavsayik,,253
गया,Gaya,,252
सेकंड,2nd,,252
स्वर्ण,Swarn,,251
कालिन्द्री,Kalindri,,250
बालाजीधाम,Balajidham,,250
पुख्ता,Pukhta,,248
संंख्‍या,Number,y,248
इटौरा,Itaura,,247
कित,Kit,,246
पथौली,Pathauli,,246
ब्रज,Braj,,246
राधाधाम,Radha dham,,246
लाल,Lal,,246
जमुना,Jamuna,,245
प्लाॅट,Plot,,243
आशा,Asha,,242
बालाजीपुरम,Balajipuram,,242
सतोहा,Satoha,,240
संस्कृति,Sanskruti,,240
आरजी,RG,y,238
म,M,y,237
नारायन,Narayan,,236
मगटई,Magati,y,236
क्षे०फल,Area,y,235
गुलाब,Gulab,,235
भू,Bhu,,235
मुस्तकिल‚,"Mustkil,",y,235
वर्गमीटर‚,square meter,y,235
वि०,,y,235
क्षैत्रफल,Area,,234
क्ष्ज्ञे,Kshdnye,Y,234
असगरपुर,Asgarpur,,233
किरन,Kiran,,233
गणपती,Ganpati,,233
सत्ता,Satta,,233
खातास,Khata no,,232
नम्वर,no,,232
नवीन,Naveen,,232
श्रीकृष्ण,Shri krishna,,232
मोहन,Mohan,,231
एत्मादपुर,Atmadpur,,230
ह,,y,230
ंन,no,y,229
प्लट,Plot,,229
सीमा,Seema,,228
इन,In,,227
शारदापुरी,Shardapuri,,227
ख०न०,Khasra no,y,226
जगजीवन,Jagjeevan,,226
ता०,,y,226
बी०,,y,226
संम्पूर्ण,Sampurn,,226
कटरा,Katra,,225
कावेरी,Kaveri,,225
सर्वे,Survey,,225
कॉम्पलेक्स,Complex,,224
खेडिया,Khediya,,224
पूर्व,Purv,,224
अवधपुरी,Avadhpuri,,223
ख‚,"K,",y,223
प,P,y,223
बस्ती,Basti,,223
शिवाधाम,Shivadham,,223
दितीयतल,Ditiytal,,222
मायापुरम,Mayapuram,,222
संवाई,Sanvai,Y,222
पंचमतल,Panchamtal,,221
भोगीपुरा,Bhogipura,,221
अशोक,Ashok,,220
ख०,,Y,220
संगम,Sangam,,220
कृषी,Krushi,,217
गेट,Gate,,217
सदर,Sadar,,217
सवांई,Savani,y,217
से०,,y,217
स्क्वायर,Square,,217
हक्ट,Hakt,,217
चारबाग,Charbag,,216
बहिस्ताबाद,Bahistabad,,216
मोहिनी,Mohini,,215
म्ी,,y,215
विना,Vina,,215
हें,Hain,y,215
प्लाटस,Plots,,214
बांकेबिहारी,Bankebihari,,214
अल्प,Alp,,213
कृपा,Krupa,,213
कौलक्खा,Kaulkkha,y,213
गौरी,Gauri,,213
खातानं,Khata no,y,212
चन्द्रोदय,Chandroday,,212
लकावली,Lakavali,,212
कृष्णकुंज,Krishnakunj,,211
सैनिक,Sainik,,211
एक्स,X,,210
चरण,Charan,,210
ज्योति,Jyoti,,210
क्षै०,Area,Y,209
माैजा,Mauja,,209
पैत्रिक,Paitrik,,208
शक्ति,Shakti,,208
राजवन,Rajvan,,207
बै,Bai,,206
यमुनाधाम,Yamuna dham,,206
च,Ch,,204
दाऊजी,Dauji,y,204
बगिया,Bagiya,,204
बसुधा,Basudha,,204
सें,Se,y,204
ऑफ़,Of,,203
ताजनगरी,Taj nagari,,202
हो,Ho,,202
चौराहे,Chaurahe,,201
जि०,G,Y,201
देहात,Dehat,,201
आशियाना,Aashiyana,,200
कालिन्दी,Kalindi,,200
टॉवर,Tower,,200
मुक्ति,Mukti,,200
राजनगर,Raj nagar,,200
विन्टेज,Vintage,,200
आश्रम,Aashram,,199
कमला,Kamla,,199
प्लेस,Place,,199
राजपुरम,Rajpuram,,199
एलआईजी,LIJ,,198
एलीगेन्स,Elegance,,198
बलदाऊ,Baldau,,198
शिवपुरम,Shivpuram,,198
सै०,,y,198
मधुवन,Madhuvan,,197
निकुंज,Nikunj,,195
मोजा,Moja,,195
वाकैै,Vakai,,195
हमारे,Hamare,,195
छलेसर,Chalesar,,193
तामीरात,Tamirat,,193
वर्ल्ड,World,,192
क्तिा,,y,191
नादऊ,Nadau,y,191
पुरा,Pura,,191
मेप्रथमपक्ष,Me pratham paksh,y,191
रामकृष्ण,Ram krishna,,191
अंकित,Ankit,,190
कस्‍बा,Kasba,,190
राजा,Raja,,189
रैजीडेन्सी,Residency,,189
गनपति,Ganpati,,188
रका,area,,188
सिटि,City,,188
खुला,Khula,,187
मोहनलाल,Mohanlal,,187
वाली,Vali,,187
अजीजपुर,Ajijpur,,186
एकता,Ekta,,186
कैलाश,Kailash,,186
सरस्वती,Saraswati,,186
गोकुल,Gokul,,185
गोपाला,Gopala,,185
बाईपुर,Baipur,y,185
श्रीराम,Shree ram,,185
हनुमान,Hanuman,,185
अशं,Ashan,y,184
पोखर,Pokhar,,184
है०मेसे,Hectare,y,184
नि०,,y,183
बालकृष्णधाम,Bal krishna dham,,183
मकान‚,house,y,183
मनोहरपुर,Manoharpur,,183
वार्ड‚,Ward,y,183
व्यू,View,,183
तीसरा,3rd,y,182
प्‍लॉट,Plot,,182
सम्पूर्ण।,Sampurn.,y,182
सर्विस,Service,,182
मौजूदा,Maujuda,,181
शिवानी,Shivani,,181
ओमेक्स,Omex,,180
ख्रसरा,Khrasara,,180
नेहरा,Nehra,,180
बेची,Bechi,,180
अ०,A,y,179
एकल,Akal,,179
कृर्षि,Agricultural,,179
विनायक,Vinayak,,179
कमरे,Kamre,,178
जिनका,Jinka,,178
वमी,Vami,,178
खंडन,Khandan,,177
जेरीन,Jerin,,176
नितिन,Nitin,,176
भागूपुर,Bhagupur,,176
भा्ग,Bhag,y,176
संं०,,Y,176
सेकेण्ड,2nd,,176
तजवीजा,Tajvija,,175
बने,Bane,,175
बसेरा,Basera,,175
रिसोर्ट,Resort,,175
र०,,y,174
हाउसिंग,Housing,,174
आकाश,Aakash,,173
युनिट,Unit,,173
सत्य,Saty,,173
ईडब्लूएस,EWS,,172
एल०आई०जी०,,y,172
काव्यांजली,Kavyanjali,,172
द,D,y,172
नरसी,Narsi,,172
क्यू,Q,y,171
ऑफ,Of,,170
रकाब,area,,170
रोशन,Roshan,,170
विमला,Vimla,,170
कटारा,Katara,,169
ब‚,B,y,169
बसुन्धरा,Basundhara,,168
मोड,Mod,,168
आ,Aa,,167
ककरैठा,Kakraitha,,167
वर्गीम,square meter,,167
ेकृषि,Agriculture,y,167
अभिषेकपुरी,Abhishekpuri,,166
चौहटना,Chauhatna,,166
भोलई,Bholai,y,166
हुआ,Huaa,,166
बुढेरा,Budhera,,165
मालिक,Malik,,165
हॉल,Hall,,165
बैकुण्ठधाम,Baikunthdham,,164
रूप,Roop,,164
खातासं०,Khata no,y,163
जाय,Jay,,163
देवी,Devi,,162
प्‍लौट,Plot,,162
शिवाशा,Shivasha,,162
सैमरा,Saimara,,162
पांच,Panch,,161
बेचा,Becha,,161
रसदी,Rasdi,,161
एण्ड,And,,160
प्रगति,Pragati,,160
बरहन,Barhan,,160
ओमनगर,Om nagar,,159
दीनदयाल,Dindayal,,159
न०नि०नं०,no,Y,159
नन्दिनी,Nandini,,159
यशराज,Yashraj,,159
राजसिटी,Raj city,y,159
महावीर,Mahaveer,,158
रठिया,Rathiya,,158
कृषि‚,Agricultural,y,157
जार,Jar,,157
हेै,Hai,,157
अ‚ब,"A, B",y,156
कुरा,Kura,,156
डिसचार्ज,Discharge,,156
दीपपुरम,Deep puram,,156
वर्ग्,square meter,y,156
सन्त,Sant,,156
खंदौली,Khandauli,,155
दिशा,Disha,,155
पीली,Peeli,,155
बीघा,Beegha,,155
रकवई,area,y,155
अंगूठी,Anguthi,,154
कॉम्प्लेक्स,Complex,,154
बजरंग,Bajrang,,154
आर०के०पुरम,,y,153
केएच,KH,,153
खनं,Khanan,y,153
जीएच,GH,,153
पदम,Padam,,153
पास,Pas,,153
बाबरपुर,Babarpur,,153
करवा,Karva,,152
खण्डनशुदा,Khandanshuda,,152
पैतृक,Paitruk,,152
बाबा,Baba,,152
मुख्य,Mukhya,,152
मौहम्मदपुर,Mauhammadpur,,152
कॉमर्शियल,Commercial,,151
गौलोकधाम,Gaulok dham,,151
बल्देवपुरम,Baldev puram,,151
बृजवाटिका,Brujvatika,,151
मुडी,Mudi,,151
हिस्सो,Hisso,,151
आठवां,8th,y,150
बजट,Budget,y,150
आन्यौर,Aanyaur,,149
इन्द्रलोक,Indralok,,149
बॉके,Boke,y,149
व०मी०‚,square meter,y,149
शंकरपुरी,Shankarpuri,,149
कृष्‍णा,Krishna,,148
को,Ko,,148
लगा,Laga,,147
नमबर,no,,146
पीताम्बरा,Pitambara,,146
मि०आदि,,y,146
े,,,146
केशवधाम,Keshav dham,,145
ज,Ja,y,145
पचगाई,Pachgai,y,145
बगीची,Bagichi,,145
ममता,Mamta,,145
राजबिहार,Raj bihar,,145
वग,square meter,,145
अनुपम,Anupam,,144
कृषिखाता,Agricultural khata,,144
जानिब,Janib,,144
पटेल,Patel,,144
प्लांट,Plot,,144
बल्दाऊ,Baldau,,144
सदोला,Sadola,,144
साइड,Side,,144
कार्नर,Corner,,143
खालीप्लाट,Empty plot,y,143
वां,Van,y,143
सातवां,7th,,143
हें०,Hectare,y,143
भूखन्ड,Bhukhand,,142
स्पेस,Space,,142
मेस्थित,located at,y,141
लोधी,Lodhi,,141
ा,,y,141
कवा,Kava,,140
गढ़ी,Gadhi,,140
जि,G,y,140
राघेश्याम,Raghe shyam,,140
स्थल,Sthal,,140
ऊषा,Usha,,139
ऑवलखेडा,Oval kheda,y,139
कान्हाधाम,Kanha dham,,139
खेतख्सरा,Khetkhsra,,139
दर्ज,Darj,,139
पुरागोवर्धन,Pura Govardhan,y,139
फोर,For,y,139
बजहेरा,Bajhera,,139
सेक्‍टर,Sector,,139
आदर्श,Aadarsh,,138
गायत्री,Gayatri,,138
डब्‍लू,W,,138
डिवाइन,Divine,,138
धारा,Dhara,,138
पदी,Padi,,138
प्रताप,Pratap,,138
सि,C,Y,138
स्‍टेट,State,,138
हरेकृष्णधाम,Hare krishna dham,,138
रकब,area,,137
सैन्टपॉल्स,Saintpols,y,137
नन्दलालपुर,Nandlalpur,,136
इसमे,Isme,,135
गुरू,Guru,,135
गोलोकधाम,Golok dham,,135
टीला,Teela,,135
तनिष्क,Tanishk,,135
मजिला,Majila,,135
मुहाल,Muhal,,135
शीतल,Sheetal,,135
अकोला,Akola,,134
पूनम,Poonam,,134
बीएचके,BHK,,134
सत्यम,Satyam,,134
सौन्दर्यम,Saundaryam,,134
उक्त,Ukt,,133
चाँदनी,Chandani,,133
छ,Ch,,133
धाऊ,Dhau,y,133
बराबर,Barabar,,133
माया,Maya,,133
राधारानी,Radharani,,133
सेवला,Sevla,,133
अनुसार,Anusar,,132
अभयपुरा,Abhaypura,,132
तामिरात,Tamirat,,132
द्वारिकापुरी,Dwarikapuri,,132
प्रतिशत,Pratishat,,132
फोर्थ,4th,,132
बिला,Bila,,132
ब्‍लाक,Block,,132
भगवान,Bhagvan,,132
व्लाक,Block,y,132
आयतों,Aayto,y,131
आश्रयहीन,Aashrayhin,,131
खन्दौली,Khandauli,,131
दौरेठा,Dauretha,,131
नाम,Nam,,131
शाहदरा,Shahadara,,131
अकृषक,Akrushak,,130
गणेशपुरम,Ganeshpuram,,130
गण्ेश,,Y,130
जखौदा,Jakhauda,,130
नही,Nahi,,130
ललिता,Lalita,,130
आर्य,Aary,,129
केशोपुर,Keshopur,,129
चौडाई,Chaudai,y,129
राधाकुंज,Radhakunj,,129
वसुधा,Vasudha,,129
कली,Kali,,128
कालोंनी,Colony,,128
किताप्लाट,Kita plot,y,128
माधव,Madhav,,128
समिति,Samiti,,128
ए०,,Y,127
दयाल,Dayal,,127
पं,Pan,y,127
बरारा,Barara,,127
मेंप्रथमपक्ष,Main pratham paksh,y,127
राधापुरम,Radhapuram,,127
शिवनगर,Shiv nagar,,127
सतौली,Satauli,,127
सुरहरा,Surhara,,127
हुए,Hue,y,127
अराजी,Araji,,126
गोदावरी,Godavari,,126
मऊ,Mau,,126
मानवेन्द्र,Manvendra,,126
सिकंदरा,Sikandara,,126
उ,U,,125
एटरनिटी,Eternity,,125
चमरौली,Chamrauli,,125
चैतन्य,Chaitanya,,125
भग,Bhag,,125
श्रीनाथपुरम,Shri nath puram,y,125
सांईधाम,Saidham,,125
हर्ष,Harsh,,125
अभैदोपुरा,Abhaidopura,,124
अंसल,Ansal,,124
किशोरी,Kishori,,124
झीना,Zeena,,124
ध्रुव,Dhruv,,124
निजी,Niji,,124
लक्ष्मीपुरम,Lakshmipuram,,124
शहर,Shahar,,124
स्कूल,School,,124
हाईवे,Highway,,124
है़०,Hectare,Y,124
अभुआपुरा,Abhuaapura,Y,123
ऐरिया,Area,,123
किशन,Kishan,,123
कुटीर,Kuteer,,123
कुलक्षैत्रफल,Kul Kshaitrafal,,123
तैशुदा,Taishuda,,123
सनराइज,Sunrise,,123
हैै,Hai,,123
काश्त,Kasht,,122
कोटेज,Cottage,,122
टेडी,Tedi,y,122
शिवाजी,Shivaji,,122
समकक्ष,Samkaksh,,122
द्वद्तिीय,,y,121
अर्जुन,Arjun,,120
इ,E,y,120
छटीकरा,Chatikara,,120
बृजराजधाम,Bruj rajdham,,120
डिसमिल,Dismil,y,119
प्रोजेक्ट,Project,,119
बाॅकै,Bokai,y,119
वतरफ,Vatraf,,119
सौख,Saukh,,119
एम०आई०जी०,,Y,118
ख्,,Y,118
जयपुरिया,Jaypuriya,,118
त,T,,118
त०,,y,118
नरायन,Narayan,,118
भुखण्ड,Bhukhand,,118
सेन्टर,Center,,118
सौहल्ला,Sauhalla,,118
किशनलाल,Kishanlal,,117
पंचवटी,Panchvati,,117
पाॅकेट,Pocket,,117
मेप्रथमपक्षका,Me pratham pakshka,y,117
स्टेडियम,Stadium,,117
चन्दन,Chandan,,116
तल‚,"Tal,",y,116
अजनाम,Ajnam,,115
कॉर्पोरेट,Corporate,,115
खरा,Khara,,115
चन्द्र,Chandra,,115
बुलन्द,Buland,,115
बैधानिक,Baidhanik,,115
वहिस्सा,Vahissa,,115
हिमगिरी,Himgiri,,115
कृपाधाम,Krupa dham,,114
रकवाभूमिमुक्ति,area,y,114
रजरई,Rajaree,y,114
आदिकुल,Adikul,,113
गोपालपुरा,Gopalpura,,113
तोरा,Tora,,113
नगरी,Nagari,,113
स्काई,Sky,y,113
स्‍टे,Stay,y,113
उपाध्याय,Upadhyay,,112
एन्थम,Anthem,,112
एमआईजी,MIG,,112
कका,Kaka,,112
कुन्‍ज,Kunj,,112
कैला,Kaila,,112
मुरलीधर,Murlidhar,,112
शहीद,Shahid,,112
एक्सटेशन,Extension,,111
ज्ञान,Dnyan,y,111
नागल,Nagal,,111
फार्मस,Farms,,111
भरतपुर,Bharatpur,,111
हेतु,Hetu,,111
है०का,Hectare,y,111
डेवर्ल्पस,Developers,,110
दीप,Deep,,110
भोलाधाम,Bhola dham,,110
राधेश्याम,Radhe shyam,,110
सोसायटी,Society,,110
ी,,y,110
ु,,y,110
गुड,Gud,,109
नीलकंठधाम,Neelkanth dham,,109
फाईव,5,,109
रहे,Rahe,,109
रिहायशी,Rihayashi,,109
रेलवे,Railway,,109
श्रीराधाकृष्ण,Shri radhakrishna,,109
ऐवेन्यू,Avenue,,108
कोठी,Kothi,,108
गांव,Gaon,y,108
ग्रेस,Grace,,108
दहतौरा,Dahtaura,,108
पा,Pa,,108
व्दितीय,Vditiy,,108
हरीपर्वत‚,"Hari parvat,",,108
खातान०,Khata no,y,107
गिर्राजधाम,Girraj dham,,107
गुरुकृपा,Guru krup,,107
दुर्गेधाम,Durge dham,,107
सुभाष,Subhash,,107
अंतर्गत,Antargat,,106
फतेहाबाद,Fatehabad,,106
ममी,Mami,y,106
मिढाकुर,Midhakur,,106
अलबतिया,Albatiya,,105
आनन्दवन,Anandvan,,105
कोलोनी,Colony,,105
क्षेत्र०,Area,Y,105
छठवां,6th,,105
नंं,no,y,105
रकवायोग,area,,105
सम्पति,Sampati,,105
सहित,Sahit,,105
स्टूडियो,Studio,,105
कॉलौनी‚,"Colony,",y,104
द्वारकेश,Dwarkesh,,104
बिल्डअप,Build up,y,104
भगवत,Bhagvat,,104
श्रीकृष्णधाम,Shri krishna dham,y,104
कुण्डौल,Kundaul,,103
खेतखसरानं,Khetkhasran,y,103
गार्डनिया,Gardeniya,y,103
देा,,y,103
द्वतीयतल,Dvatiytal,,103
धन्नापुर,Dhannapur,,103
मंगलम,Mangalam,,103
स्ं,no,Y,103
अर्थात,Arthat,,102
कमल,Kamal,,102
गोविन्दधाम,Govind dham,,102
चमेली,Chameli,,102
तीनो,Teeno,,102
दानशुदा,Danshuda,,102
दि्वतीय,Dvitiy,y,102
द्धितीय,Ddhitiy,y,102
नियर,Near,,102
पैराडाईज,Paradise,,102
बगदा,Bagda,,102
मनीषपुरम,Manishpuram,,102
महाराम,Maharam,,102
मुस्‍तकिल,Mustkil,,102
लम्बाई,Lambai,,102
हज्‍जाम,Hajjam,,102
क्वाटर,Quarter,,101
रतन,Ratan,,101
राधाकृष्णधाम,Radhakrishna dham,,101
एवेन्यु,Avenue,,100
एसयूटी,SUT,,100
ख़ाता,Khata,,100
गणेशकुंज,Ganeshkunj,,100
जु,Ju,,100
पी०पी०,,y,100
पैराडाइज,Paradise,,100
मंजेश,Manjesh,,100
वर्गी,square meter,,100
विजय,Vijay,,100
विहारी,Vihari,,100
ई०डब्ल्यू०एस०,,Y,99
एकउ,Eku,Y,99
नन्दनी,Nandni,,99
सूर्य,Sury,,99
हरीधाम,Hari dham,,99
एक्सपेंशन,Expansion,y,98
गंगाराम,Gangaram,,98
जहॉगीरपुर,Jahagirpur,y,98
बनाहै,Banahai,,98
मदन,Madan,,98
म्युनिसिपल,Municipal,,98
ंसे,,y,98
अश,Ash,,97
कालाैनी,Colony,,97
गिरधरकुंज,Girdharkunj,,97
टीन,Tin,,97
भक्ति,Bhakti,,97
भ्ूतल,,y,97
शाक्तिधाम,Shakti dham,,97
स्कीम,Scheme,,97
अधोतल,Adhotal,,96
ऍफ़,F,,96
किशोरीकुंज,Kishorikunj,,96
गोकुलधाम,Gokuldham,,96
ग्राउन्ड,Ground,,96
डिफेन्स,Defence,,96
नीलगिरी,Neelgiri,,96
पुष्पाजंलि,Pushpajanli,y,96
बसन्तकुंज,Basantkunj,,96
वसुन्धरा,Vasundhara,,96
विलास,Vilas,,96
साईड,Side,,96
सुन्दर,Sundar,,96
अवि,Avi,,95
कारपोरेशन,Corporation,,95
चावली,Chavli,,95
दरवाजा,Darvaja,,95
प्राइड,Pride,,95
प्ला,Pla,,95
बाई,Bai,,95
बैक,Baik,y,95
मितावली,Mitavali,,95
रोड‚,"Road,",y,95
श्यामकुंज,Shyamkunj,,95
अपार्टमेन्ट‚,"Apartment,",,94
कन्हैयाकुंज,Kanhaiyakunj,,94
गंगाधाम,Ganga dham,,94
गामरी,Gamri,,94
डव्लू,W,,94
मेें,Main,y,94
कृषिभूमि,Agricultural land,,93
चन्द्रभान,Chandrabhan,,93
जय,Jay,,93
प्लाटजमीन,Plot jameen,y,93
लिंक,Link,,93
वाला,Vala,,93
सरोज,Saroj,,93
सी‚,"C,",y,93
होटल,Hotel,,93
कन्हैया,Kanhaiya,,92
कोतवाली,Kotvali,,92
ट,T,y,92
तरंग,Tarang,,92
प्लोट,Plot,,92
मनी,Mani,,92
रूकमणी,Rukmani,,92
सत्‍ता,Satta,,92
कता,Khata,,91
कालाेनी,Colony,,91
काॅलोनी,Colony,,91
खात,Khata,,91
ग्रुप,Group,,91
नीलकण्ठ,Neelkanth,,91
सीता,Seeta,,91
इकरार,Ikrar,,90
कोटली,Kotli,,90
जेा,,y,90
धाऊगुलाब,Dhaugulab,y,90
पुरी,Puri,,90
पैमाइश,Paimaish,,90
भूमी,land,,90
शान्ति,Shanti,,90
आनन्दम,Anandam,,89
कल्याण,Kalyan,,89
काविक्रय,Kavikray,,89
जुजभाग,Jujbhag,,89
बहुमंजिला,Bahu manjila,,89
लडामदा,Ladamada,,89
शमशाबाद,Shamshabad,,89
श्यामो,Shyamo,,89
कादम्बरी,Kadambari,,88
कोठरी,Kothari,,88
बैकुण्ठबिहार,Baikunth bihar,,88
भगवतीपुरम,Bhagvatipuram,,88
मायापुरी,Mayapuri,,88
मारूति,Maruti,,88
अचलू,Achalu,,87
आशापुरम,Ashapuram,,87
ओर्चिड,Orchid,,87
बाकलपुर,Bakalpur,,87
भोले,Bhole,,87
मुझ,Mujh,,87
रामवीर,Ramveer,,87
रूम,Room,,87
रेवती,Revti,,87
वर्गमीप्लाटन,square meter plot number,y,87
श्रीकृष्णाधाम,Shri krishna dham,y,87
इन्द्रप्रस्थ,Indraprasth,,86
कीर्ति,Kirti,,86
कुकथला,Kukthala,,86
चौराहा,Chauraha,,86
जारूआ,Jaruaa,y,86
तीनों,Teeno,y,86
प्लाटनम्बर,Plot number,y,86
बल्केश्वर,Baleshravar,y,86
शिवा,Shiva,,86
श्रीनाथ,Shri nath,,86
सत्यनगर,Satya nagar,,86
सोयम,Soyam,,86
अावासीय,Aavasiy,,85
आजाद,Aajad,,85
आदिरकवा,Adirakva,,85
कोई,Koi,,85
खतैना,Khataina,,85
टै,Tai,,85
नम्‍वर,no,,85
निखिल,Nikhil,,85
मुकन्द,Mukund,,85
सुदा,Suda,,85
सौ,Hundred,y,85
्,,y,85
एत्‍मादपुर,Atmadpur,,84
क्ष,Area,,84
छत्ता,Chatta,,84
डिफैन्स,Defence,,84
नाथ,Nath,,84
पं०,,Y,84
परिवहन,Parivahan,,84
पवनपुरी,Pavanpuri,,84
पवनवन,Pavanvan,,84
पुष्पांजलि,Pushpanjali,,84
भक्तिधाम,Bhakti dham,,84
मशहूर,Mashhoor,,84
मेवाती,Mevati,,84
सुरक्षा,Suraksha,,84
टेढी,Tedhi,,83
दहतोरा‚,"Dahtora,",y,83
नामा,Nama,,83
बिस्वा,Bisva,,83
बैंक,Bank,,83
रबा,Raba,,83
राधासिटी,Radha city,y,83
लोहामण्‍डी,Lohamandi,,83
सुदामापुरी,Sudamapuri,,83
ासं,No,y,83
ऑर्चिड,Orchid,,82
कलाल,Kalal,,82
कैलाधाम,Kaila dham,,82
जैंत,Jaint,,82
दसवां,10th,y,82
पालीखेडा,Palikheda,,82
फल्ैट,Flat,y,82
मघटई,Maghatai,y,82
मानचित्र,Manchitra,,82
लोहामंडी,Lohamandi,,82
आस्थापुरी,Aasthapuri,,81
इन्द्रा,Indra,,81
काॅलौनी,Colony,,81
खता,Khata,,81
घाट,Ghat,,81
धौरऊ,Dhaurau,y,81
नालन्दा,Nalanda,,81
निरालाबाद,Niralabad,,81
फुटा,Foot,,81
बांईपुर,Banaipur,y,81
भगवतकुंज,Bhagvatkunj,,81
रामधाम,Ram dham,,81
लॉयर्स,Lawyers,,81
लोधे,Lodhe,,81
सः,Sah,y,81
सेे,Se,,81
अवासीय,Avasiy,,80
कायम,Kayam,,80
खासरा,Khasra,,80
चौथा,4th,y,80
देवरी,Devri,,80
रामवन,Ramvan,,80
लालऊ,Lalau,y,80
हैक्,Hack,y,80
आर०एस०,,y,79
उदय,Uday,,79
एफएफ,FF,,79
खाते,Khata no,,79
दुर्गाधाम,Durga dham,,79
पत्र,Patra,,79
पीछे,Peeche,,79
लोधई,Lodhai,y,79
किशोर,Kishor,,78
परमानन्द,Parmanand,,78
प्रस्तावित,Prastavit,,78
ब्रह्रापुरी,Brahrampuri,,78
ब्लाॅक,Block,,78
भूखण्ड‚,"Bhukhand,",y,78
मई,Mai,y,78
मौ०,,y,78
राजधाम,Raj dham,,78
राधावाटिका,Radha vatika,,78
ल,L,,78
शाहगंज,Shahganj,,78
सम्पुर्ण,Sampurn,,78
साई,Sai,,78
आंशिक,Aanshik,,77
एन्कलेब,Enclave,,77
गाटाओ,Gatao,y,77
जऊपुरा,Jaupura,y,77
जैन,Jain,,77
दाऊजीधाम,Dauji dham,,77
पाण्डव,Pandav,,77
फतेहपुर,Fatehpur,,77
बाजना,Bajna,,77
ब्रहमपुरी,Brahampuri,,77
शरणम,Sharanam,,77
सीरियल,Serial,,77
है०सम्पूर्ण,Hectare,y,77
अंगूरी,Anguri,,76
अन्‍तर्गत,Antargat,,76
अल्हैपुर,Alhaipur,,76
उसके,Uske,,76
जहाँगीरपुर,Jahangirpur,,76
नीलकंठ,Neelkanth,,76
पूवी,Puvi,,76
बतरफ,Bataraf,,76
रक,area,,76
रवका,Ravka,,76
सैंथिया,Sainthiya,,76
‚खसरा,",khasra",y,75
गिरिराज,Giriraj,,75
ग्यारहवां,11th,y,75
जेड,Jed,,75
नर्सरी,Nursery,,75
बरामदा,Baramat,,75
यातायात,Yatayat,,75
सामने,Samne,,75
एस०,,y,74
ओन,On,,74
दानसुदा,Dansuda,,74
नमक,no,,74
नरीपुरा,Naripura,,74
भी,Bhi,,74
राधिकाधाम,Radhika dham,,74
रेवतीपुरम,Revtipuram,,74
ऊपर,Upar,,73
एम्,M,y,73
एवेन्यू,Avenue,,73
जी०,G,y,73
नीरव,Neerav,,73
पालिका,Palika,,73
बिरजापुर,Birjapur,,73
भीमा,Bheema,,73
मसानी,Masani,,73
रोहता,Rohta,,73
वगम्ी,,Y,73
शक्तिपुरम,Shaktipuram,,73
अवशेष,Avshesh,,72
कालिन्द्रीकुंज,Kalindrikunj,,72
गंगापुरम,Gangapuram,,72
गनेशरा,Ganeshara,,72
तेहरा,Tehra,,72
दाे,2,y,72
पंचशील,Panchsheel,,72
पिनानी,Pinani,,72
वैधानिक,Vaidhanik,,72
शॉप,Shop,,72
हैरिटेज,Hectare,,72
अन्य,Anya,,71
अपर्णा,Aparna,,71
अपार्टमेन्‍ट,Apartment,,71
इसमें,Ismain,y,71
एन्‍क्‍लेव,Enclave,,71
काननवन,Kananvan,,71
कुबेरपुर,Kuberpur,,71
कोठा,Kotha,,71
गैरिज,Garage,y,71
जमीन‚,"Jameen,",,71
जाटवान,Jatvan,,71
प्लाटक्षे,Plot kshe,y,71
फ्रैण्डस,Friends,,71
रेणुका,Renuka,,71
विनोद,Vinod,,71
शंकरपुरम,Shankarpuram,,71
शोभा,Shobha,,71
श्‍याम,Shyam,,71
सप्तमतल,Saptamtal,,71
सिरौली,Sirauli,,71
है०अपने,Hectare,y,71
कृष्णापुरम,Krishnapuram,,70
कृष्णाभूमि,Krishna bhumi,,70
तनिष्‍क,Tanishk,,70
नुनिहाई,Nunihai,y,70
भदौरिया,Bhadauriy,,70
मनोज,Manoj,,70
महेश्वर,Maheshravar,y,70
मानसून,Monsoon,,70
मेे,Me,,70
श्रीधाम,Shree dham,,70
सप्तम,7th,y,70
सम्पूर्णअंश,Sampurn ansh,,70
सिक्स्थ,6th,,70
हैक्‍टेयर,Hectare,,70
इंच,Inch,,69
कषि,Kashi,,69
खॉ,Kho,y,69
गैलरी,Gallery,,69
टाऊनशिप,Township,,69
टैगोर,Taigor,,69
ठार,Thar,,69
ताल,Tal,,69
दसवांतल,Dasvantal,,69
दोमंजिला,Domanjila,,69
नवादा,Navada,,69
नैनापुरम,Nainapuram,,69
पू,Pu,,69
संपत्ति,Sampatti,,69
सिकन्दरपुर,Sikandarpur,,69
हैरीटेज,Hectare,,69
होली,Holi,,69
एफ़,F,,68
कृष्णपुरम,Krishnapuram,,68
खसरानम्बर,Khasra no,y,68
डी‚,"D,",,68
दौलतपुर,Daulatpur,,68
द्वारिकाधीश,Dwarikadhish,,68
न्‍यू,New,,68
पलाटसं,Plot number,y,68
बृजनगर,Bruj nagar,,68
बॉगर,Bogar,,68
मयूर,Mayur,,68
मीट,Meet,y,68
विष्णु,Vishnu,,68
शान्‍ती,Shanti,,68
श्रीपतिपुरम,Shripatipuram,,68
सारंग,Sarang,,68
सी०,,y,68
सैन्ट,Saint,,68
हरिधाम,Hari dham,,68
अमरपुरा,Amarpura,,67
अहारन,Aharan,,67
इन्‍क्‍लेव,Enclave,,67
ई०,,y,67
खडवाई,Khadvai,y,67
टीए,TA,,67
नाला,Nala,,67
नियत,Niyat,,67
फिलैैट,Flat,,67
भीम,Bheem,,67
भूतेश्वर,Bhuteshravar,y,67
भ्राग,Bhrag,,67
माधवपुरी,Madhavpuri,,67
मालियान,Maliyan,,67
मुकेश,Mukesh,,67
राघे,Raghe,,67
लगी,Lagi,,67
श्रीजीपुरम,Shrijipuram,,67
हुई,Hui,,67
आगे,Aage,,66
इम्लाक,Imlaq,y,66
कछपुरा,Kachpura,,66
गैर,Gair,,66
जिसके,Jiske,,66
दु,Du,,66
प्रगतिकुंज,Pragatikunj,,66
बाघर्रा,Bagharra,y,66
बिल्डिंग,Building,,66
बृजवासी,Brujvasi,,66
राया,Raya,,66
व‚,"V,",,66
विक्रेती,Vikreti,,66
विशाल,Vishal,,66
साउथ,South,,66
सिविल,Civil,,66
अपार्टमेण्ट,Apartment,,65
अब,Ab,,65
अवन्ती,Avanti,,65
आर०,,Y,65
ओमश्री,Om shree,,65
काभागरकबा,Kabhagarkaba,,65
कालैानी,Colony,,65
खसरां,Khasran,y,65
चन्दनवन,Chandanvan,,65
छठवांतल,Chatvantal,,65
टावर‚,"Tower,",,65
ताराधाम,Tara dham,,65
देदना,Dedana,,65
देवकी,Devaki,,65
द्क्षिण,Dakshin,y,65
परिक्रमा,Parikrama,,65
पांचवां,5th,y,65
बागकला,Bagkala,,65
भोगीपुरा‚,"Bhogipura,",,65
भोला,Bhola,,65
मुहम्मदपुर,Muhammadpur,,65
व्रह्रापुरी,Vrahrapuri,y,65
सूरज,Suraj,,65
सौंख,Saunkh,,65
अंदर,Andar,,64
आठवांतल,Aathvatal,y,64
एफ‚,"F,",,64
कृधा,Krudha,,64
क्षं,Area,y,64
गंज,Ganj,,64
जुुज,Juj,,64
तिलक,Tilak,,64
तुलसीवन,Tulsivan,,64
दुतीय,Dutiy,,64
धॉधूपुरा,Dhodhupura,y,64
पुल,Pul,y,64
बस्‍ती,Basti,,64
महुअर,Mahuar,,64
श्रेणी,Shreni,,64
सौप,Saup,,64
स्वीकृत,Svikrut,,64
आधे,Aadhe,,63
ई०डब्लू०एस,,y,63
ओल्ड,Old,,63
कितारकवा,Kitarkava,,63
किसी,Kisi,,63
क्रष्णा,Krashna,,63
गोविन्दा,Govinda,,63
ंनं,no,y,63
निरस्तीकरण,Nirastikaran,,63
ने,Ne,,63
पत्थर,Patthar,,63
पर्ल,Pearl,,63
पार्क‚,"Park,",,63
प्रशान्त,Prashant,,63
बसुआ,Basuaa,y,63
बिक्रय,Bikray,,63
भुजा,Bhuja,,63
माकन,house,,63
मेंं,Mre,y,63
मैसे,Maise,,63
विक्रेताओ,Vikretao,,63
शक्तिधाम,Shakti dham,,63
सविता,Savita,,63
साइट,Site,,63
स्टाम्प,Stamp,,63
अगवार,Agvar,,62
अरतौनी,Artauni,,62
खसरानम्बरान,Khasra no,y,62
खसा,Khasra no,,62
गुतिला,Gutila,,62
ट्रान्स,Trans,,62
ता,Ta,,62
द्वितीयचरण,Dvitiy charan,,62
नरसीबिहार,Narsi bihar,,62
नवनीत,Navneet,,62
नवमतल,Navmatal,,62
निकेतन,Niketan,,62
फ्रेण्डस,Friends,,62
राघेकृष्णा,Raghe krishna,,62
रामाकृष्णा,Rama krishna,,62
रिक्त,Rikt,,62
सहकारी,Sahkari,,62
ऐरो,aero,,61
कंचन,Kanchan,,61
पनवारी,Panvari,,61
बौद्ध,Buddha,y,61
भिन्न,Bhinn,,61
मध्यम,Madhyam,,61
महाराज,Maharaj,,61
समाज,Samaj,,61
सम्पर्ण,Samparn,,61
सहारा,Sahara,,61
सुनारी,Sunari,,61
हरेकृष्ण,Hare krishna,,61
अमित,Amit,,60
अागरा,Agra,,60
आर्चिड,Orchid,y,60
उर्फ,Urf,,60
कराहरा,Karahara,,60
के०के०,KK,y,60
गोल्ड,Gold,,60
न्,no,y,60
पडा,Pada,,60
प्लाटनं०,,y,60
फाटक,Fatak,y,60
भवन‚,"Bhavan,",y,60
भाग।,,y,60
भीकनपुर,Bhikanpur,,60
भूतल‚,Bhutal,,60
रास्ते,Raste,,60
वगम,square meter,,60
स्वामी,Swami,,60
आनन्दा,Ananda,,59
औरंगाबाद,Aurangabad,,59
चर्च,Church,,59
टी०पी०,,Y,59
तुलसीनगर,Tulsi nagar,,59
पडता,Padta,,59
पुष्पबिहार,Pushp bihar,,59
बन,Ban,,59
ब्रिज,Bridge,,59
रिक्‍त,Rikt,,59
वौहरे,Vauhare,,59
श्रीरामधाम,Shri ram dham,,59
अनाच्छादित,Anacchadit,y,58
आइ,I,,58
आनन्दनगर,Anand nagar,,58
ई‚,"E,",y,58
एल०जी०,,y,58
कर्मचारी,Karmchari,,58
काम्प्लेक्स,Complex,,58
कासम्पूर्ण,Kasampurn,,58
ग‚,"G,",y,58
गोपऊ,Gopau,,58
दिव्य,Divy,,58
दूरा,Dura,,58
दोकिता,Dokita,,58
फार्म,Farm,,58
फिफ्थ,5th,,58
फ्लोरेंस,Florence,,58
बर्ग,Burg,y,58
बा,Ba,,58
मि०रकवा,,y,58
मेंस्थित,located,y,58
लोधेनगर,Lodhe nagar,,58
वीर,Veer,,58
शान्तिकुंज,Shantikunj,,58
स्थान,Sthan,,58
्ग्रीन,,y,58
इन्क्लेव,Enclave,,57
कु,Ku,,57
के०,K,y,57
खुशी,Khushi,,57
गोल्फ,Golf,,57
चौक,Chauk,,57
टीनशेड,Teenshed,y,57
नानपुर,Nanpur,,57
बलभद्र,Balbhadra,,57
बृजवास,Brujvas,,57
मै,Mai,,57
मौज,Mauj,,57
वासुदेव,Vasudev,,57
साईट,Site,,57
आराजीखसरा,khasra,,56
इंफ्राटेक,Infra tech,,56
ओमेरियन,Omerian,,56
कृष्णानगर,Krishna nagar,,56
खसरान०,Khasra no,y,56
छरौरा,Charaura,,56
पार,Par,,56
प्राईड,Pride,,56
मकन,house,,56
रानी,Rani,,56
इन्फ्राटेक,Infra tech,,55
उजरई,Ujarai,y,55
एए,AA,,55
एएसवी,ASV,,55
क्लासिक,Classic,,55
चिराग,Chirag,,55
नवां,Nava,y,55
पदमा,Padma,,55
पम्प,Pump,,55
परस्पर,Paraspar,,55
प्याऊ,Pyau,,55
बाउण्ड्रीवाल,Boundary val,y,55
बेसमेण्ट,Basemet,,55
बैक्ुण्ठ,,y,55
मठ,Math,,55
माफी,Mafi,,55
मित्र,Mitra,,55
मुमटी,Mumti,,55
मैजेस्टिक,Majestic,,55
शहरी,Shahari,,55
सन,San,,55
है०कुल,Hectare,y,55
आर०के०,,y,54
केएचए,KHA,,54
केसरी,Kesari,,54
कॉम,Com,,54
गिरवरधाम,Girvar dham,,54
गोकुलपुरम,Gokulpuram,,54
जीएफ,GF,,54
दक्षिण्ी,,y,54
दिल्ली,Delhi,,54
द्वारिकाधाम,Dwarika dham,,54
नवम,Navam,,54
प०,,y,54
पांचवा,5th,y,54
बघेल,Baghel,,54
बास,Bas,,54
भूखण्ड‚खसरा,"Bhukhand, Khasra",y,54
भ्ूखण्ड,plot,y,54
मांट,Mant,y,54
राधाकृष्णा,Radha krishna,,54
राधागोविन्द,Radha Govind,,54
राधेकृष्णा,Radhe krishna,,54
वग्रमीप्लाट,square meter,,54
सिंटी,Cinty,y,54
सीलिग,Ceiling,y,54
सुशांत,Sushant,,54
सेमी,Semi,,54
है०‚,Hectare,y,54
अाराजी,registered,,53
क्षें,Area,y,53
ख०स०,Khasra no,y,53
गांरटी,Guarantee,,53
गैलाना,Gailana,,53
छै,Chai,,53
डीग,Dig,,53
दानपत्र,Danpatra,,53
न०नि०न०,no,y,53
प्रभू,Prabhu,,53
प्रिया,Priya,,53
बडी,Badi,,53
बसंत,Basant,,53
भ्ूमिमुक्ति,,Y,53
या,Ya,,53
योजना‚,"Yojna,",,53
व०मीटर,square meter,y,53
श्रीगणेशपुरम,Shri ganeshpuram,,53
सौसायटी,Society,,53
आस्था,Aastha,,52
एच०आई०जी०,,y,52
एच०आर०,,y,52
एन्‍कलेव,Enclave,,52
कदम्ब,Kadamb,,52
खली,empty,,52
खासपुर,Khaspur,,52
गैलेक्सी,Galaxy,,52
धुव,Dhuv,,52
परसोती,Parsoti,,52
पुख्‍ता,Pukhta,,52
पुष्पा,Pushpa,,52
रेजीडेन्सी‚,"Residency,",y,52
लॉर्ड,Lord,,52
व०मी,square meter,Y,52
वा,Va,,52
सभी,Sabhi,,52
सलोनी,Saloni,,52
सैन्टपोल्स,Saintpols,y,52
स्टोर,Store,,52
अन्तिम,Antim,,51
उ०,,y,51
एसएफ,SF,,51
एसपायर,,y,51
क्राउन,Crown,,51
डि०,,y,51
द०,,y,51
दि,The,y,51
दीन,Din,,51
नहर्रा,Nahrra,y,51
पातीराम,Patiram,,51
प्र,Pra,,51
बृजहाईवे,Bruj highway,,51
भाई,Bhai,,51
मंदिर,Mandir,,51
मौहल्‍ला,Mauhalla,,51
रमपुरा,Rampura,,51
रहेगी।,Rahegi.,y,51
लाजपत,Lajpat,,51
वग्रम,square meter,,51
वहिस्ताबाद,Vahistabad,,51
विस्वा,Visva,,51
संजीव,Sanjiv,,51
हिगौट,Higaut,,51
है०आदि,Hectare,y,51
है०मे,Hectare,y,51
ासरा,,y,51
कलौनी,Colony,,50
कृष्णाकुंज,Krishnakunj,,50
कॉलेज,College,,50
ख०नं०,Khasra no,y,50
गुरुक्रपा,Gurukrupa,,50
डि,D,,50
ण्क,Nk,y,50
धांधूपुरा,Dhandhupura,,50
ऩ०,no,y,50
पाडा,Pada,,50
फिल्ैट,Flat,y,50
बृजरज,Brujraj,,50
मन्दिर,Mandir,,50
रकबई,area,y,50
रकाबगंज,Rakabganj,,50
रसूलपुर,Rasulpur,,50
राजेन्द्र,Rajendra,,50
राधाकुन्ज,Radhakunj,,50
रू,Ru,,50
विद्या,Vidya,,50
वॉके,Voke,y,50
शामिलाती,Shamilati,,50
समोला,Samola,,50
सिकन्‍दरा,Sikandara,,50
स्ट्रीट,Street,,50
ान,,y,50
अकृषिक,Akrushik,,49
ऊषाकुंज,Ushakunj,,49
खातेजातो,Khatejato,,49
गोमती,Gomti,,49
जगदीशपुरा,Jagdishpura,,49
जैगारा,Jaigara,,49
डेवल्पर्स,Developers,,49
तजबीजा,Tajbija,,49
दुर्गापुरी,Durgapuri,,49
ध,Dh,,49
नालंदा,Nalanda,,49
निर्मत,Nirmat,,49
प्रा०,,y,49
बरारी,Barari,,49
बंशी,Banshi,,49
बारहवां,12th,y,49
महल,Mahal,,49
मोहल्ला,Mohalla,,49
रानाकुंज,Ranakunj,,49
रायल,Royal,y,49
रोज,Roj,,49
र्मी,Rmy,y,49
लाइन,Line,,49
शास्त्री,Shastri,,49
सहनपुर,Sahanpur,,49
सैन्टपौल्स,,y,49
हेक्‍टेयर,Hectare,,49
अपनी,Apni,,48
अादि,Aadi,,48
आगर,Aagar,,48
आराजी‚,registered,y,48
एचआईजी,HIG,,48
एन्क्लेब,Enclave,,48
ऐठ,Eth,y,48
काव्यांजलि,Kavyanjali,,48
कृष्णबिहार,Krishna bihar,,48
केे,K,,48
खलौआ,Khalauaa,y,48
गंगोत्री,Gangotri,,48
गॉव,Gaon,y,48
गौतम,Gautam,,48
चामुण्डा,Chamunda,,48
जयनगर,Jay nagar,,48
डाकतार,Daktar,,48
प्रधान,Pradhan,,48
फ़ेस,Phase,,48
बढाना,Badhana,,48
बूढी,Budhi,,48
ब्लू,Blue,,48
भाहई,Bhahai,y,48
मिल,Mill,y,48
मुकुन्द,Mukund,,48
मुजरा,Mujra,,48
मुडहेरा,Mudhera,,48
इस्लाम,Islam,,47
उच्च,Uchh,y,47
एम०जी०,,y,47
एयरपोर्ट,Airport,,47
एिक,,y,47
करने,Karne,,47
केदार,Kedar,,47
कोर्टेज,Cortage,y,47
क्लस्टर,Cluster,,47
खाल,Khal,,47
गौंगा,Gaunga,,47
जस्सा,Jassa,,47
जोगीपुरा,Jogipura,,47
द्वारिकेश,Dwarikesh,,47
पतसाल,Patsal,,47
पावन,Pavan,,47
बौद्व,Baudva,y,47
भगौर,Bhagaur,,47
मुक्त,Mukt,,47
राजपाल,Rajpal,,47
रामजीलाल,Ramjilal,,47
वृन्दाकुंज,Vrundakunj,,47
सडक,Sadak,,47
सात,7,y,47
हरीनगर,Hari nagar,,47
है०विक्रय,Hectare,y,47
अंदरुनी,Andaruni,,46
आबादी‚,"Aabadi,",y,46
आयतो,Aayto,,46
इस्लामगंज,Islamganj,,46
ईकाई,Ikai,,46
एक्,Ek,y,46
ककिता,Kakita,,46
कालोैनी,Colony,,46
कोटा,Kota,,46
गिरधरपुर,Girdharpur,,46
चौकी,Chauki,,46
जनकपुरी,Janakpuri,,46
दोनोखातो,Donokhato,,46
नरायच‚,"Naraych,",y,46
परिषद,Parishad,,46
पाद,Pad,,46
पुरम‚,"Puram,",y,46
पुरम्,Puram,y,46
प्लानेट,Planet,,46
फ़०,,y,46
फेेस,Phase,,46
बची,Bachi,,46
बम्बा,Bamba,,46
बाकरपुर,Bakarpur,,46
मनकेडा,Mankeda,,46
मीु,,y,46
रामविहार,Ram vihar,,46
ल०,,y,46
लगानी,Lagani,,46
विकय,Vikay,,46
विधानगर,Vidha nagar,,46
सम्‍पत्ति,Sampatti,,46
सिर्फ,Sirf,,46
हूँ,Hun,,46
हैक्टयर,Hectare,,46
अंजनी,Anjani,,45
अपार्टमेण्ट‚,"Apartment,",,45
अलवर,Alvar,,45
नरहौली,Narhauli,,45
प्रतीक,Pratik,,45
बाथरूम,Bathroom,,45
बाबू,Babu,,45
बेलनगंज,Belanganj,,45
मलिन,Malun,,45
मिलन,Milan,,45
लक्ष्मीपुर,Lakshmipur,,45
विकृय,Vikruy,,45
विधा,Vidha,,45
वैराज,Vairaj,,45
शाक्ति,Shakti,,45
शेड,Shed,,45
सरला,Sarla,,45
सैक्‍टर,Sector,,45
स्वकर,Svakar,,45
अम्बेडकर,Ambedkar,,44
आ०,,y,44
ई३,,y,44
एमराल्ड,Emerald,,44
कर्मयो्गी,Karmyogi,y,44
गौरा,Gaura,,44
चांदनी,Chandani,,44
जानिव,Janiv,,44
दुकान‚,"Dukan,",y,44
निवास,Nivas,,44
नीयर,Near,,44
बल्लभकुंज,Ballabhkunj,,44
भागपर,Bhagpar,,44
मि०खसरा,,y,44
मॉल,Mall,,44
यशोदा,Yashoda,,44
रघुनाथ,Raghunath,,44
रजत,Rajat,,44
राधाकृष्णकुंज,Radhakrishnakunj,,44
लोटस,Lotus,,44
वैस्ट,West,,44
सुशान्त,Sushant,,44
है०व,Hectare,y,44
अग्रसैन,Agrasain,,43
अदा,Ada,,43
आठवा,8th,y,43
आनन्दपुरम,Anandpuram,,43
आर्केड,Arched,y,43
इन्कलेव,Enclave,,43
एंथम,Anthem,,43
ऐयर,Air,,43
कड,Kad,,43
कविता,Kavita,,43
कौस्तूभ,Kaustubh,,43
क्षंे,Area,y,43
खन्‍दौली,Khandauli,,43
गरूड,Garud,,43
गुरूकृपा,Gurukrupa,,43
छीतर,Chitar,,43
जमनेश्वर,Jamneshrvar,y,43
झ,Z,y,43
डावली,Davli,,43
डिवाईन,Divine,,43
देवजीत,Devjeet,,43
पचगांई,Pachganai,y,43
पू०,,y,43
पोर्ट,Port,,43
फैलिसा,Failisa,,43
बाँके,Banke,,43
बृजराज,Brujraj,,43
भगा,Bhaga,,43
भावना,Bhavana,,43
मिं०,,y,43
मिर्जापुर,Mirzapur,,43
रेजिडेंशियल,Residential,,43
रेजीडैन्सी,Residency,,43
लि,Li,,43
व्‍यवसायिक,Vyavsayik,,43
शिवम,Shivam,,43
ंसं,,y,43
सतयुगधाम,Satyug dham,,43
सम्पुण,Sampun,,43
सलेमपुर,Salempur,,43
सुखदेव,Sukhdev,,43
सुन्दरवन,Sundarvan,,43
अम्बिका,Ambika,,42
आगा,Aaga,,42
ऋषि,Rishi,,42
एक्स०,,y,42
कालेज,College,,42
कुॅज,,y,42
के०आर०,KR,y,42
कैसल,Castle,,42
गारडन,Garden,,42
गोधा,Godha,,42
छावनी,Chavni,,42
छोडकर,Chodkar,,42
जगनेर,Jagner,,42
जलेसर,Jalesar,,42
दिगनेर,Digner,,42
नेहरू,Nehru,,42
नैनो,Neno,y,42
फरह,Farah,,42
मदनपुर,Madanpur,,42
मिन०,,y,42
यूजी,UG,,42
राधाकृष्णपुरम,Radhakrishnapuram,y,42
वतादाद,square meter,,42
विक्रीतरकवा,Vikritrakva,,42
वृन्दावली,Vrundavali,,42
शारदापुरम,Shardapuram,,42
संजीवनी,Sanjivani,,42
हेे०,Hectare,y,42
आरव,Aarav,,41
इटरनिटी,Eternity,,41
काभागक्षेत्रफल,Ka bhag kshetrafal,y,41
गांधी,Gandhi,,41
छटवां,6th,y,41
डी०,,y,41
धरती,Dharti,,41
नटवर,Natvar,,41
नाथपुरम,Nathpuram,,41
नौवां,9th,,41
प्रा०लि०,,y,41
बटा,Bata,,41
बार्ड,Bard,y,41
बैराज,Bairaj,,41
ब्राहमण,Brahman,,41
भैंस,Bhains,,41
मि०जु०,,y,41
वेदान्ता,Vedanta,,41
व्दितीयतल,Vditiytal,y,41
श्रीभगवान,Shri bhagvan,,41
सातवांतल,Satvatal,y,41
सूर्या,Surya,,41
स्वरण,Svaran,,41
ाग,,y,41
एक्सटेन्शन,Extension,,40
एम०एम०आई०जी०,,y,40
कुज,Kuj,,40
खतौनी,Khatauni,,40
घट्वासन,Ghatvasan,y,40
जवाहर,Jawahar,,40
तिराहे,Tirahe,,40
तेज,Tej,,40
दुकानात,Dukanat,,40
दूर,Dur,,40
धनोली,Dhanoli,,40
पश्चिमपुरी,Paschimpuri,y,40
बसन्तबिहार,Basant bihar,,40
बहुमंजलीय,Bahumanjaliy,,40
बाउन्‍डी,Boundary,,40
मंगल,Mangal,,40
मधु,Madhu,,40
मार्केटिंग,Marketing,,40
मुढी,Mudhi,,40
वालाये,Valaye,,40
शाक्तिपुरम,Shaktipuram,,40
शाहकुंज,Shahkunj,,40
सचिन,Sachin,,40
सदरवन,Sadarvan,,40
सेकटर,Sector,,40
सैकटर,Sector,,40
हरदेव,Hardev,,40
हैै०,Hectare,y,40
ेख्ेतखसरा,Khasra,y,40
अष्टम,8th,y,39
अहीर‚,"Ahir,",y,39
इसप्रकार,Is prakar,,39
एपीआई,API,,39
गाटर,Gatar,,39
गुढा,Gudha,,39
गुलाव,Gulav,,39
गोविन्दपुरी,Govindpuri,,39
घटवासन‚,"Ghatvasan,",y,39
चौदहवां,14th,y,39
जायादाद,Jayadad,,39
धौर्रा,Dhaurra,,39
नाइन्थ,9th,,39
नागर,Nagar,,39
पंचायत,Panchayat,,39
प्रगतिवन,Pragativan,,39
फतेह,Fateh,,39
मुजफ्फर,Mujaffar,,39
र्वग्मी,Rvagmi,y,39
वर्गफुट,square foot,,39
शकूर,Shakoor,,39
शुभम,Shubham,,39
सब्जी,Sabji,,39
हे०में,Hectare,y,39
ै,,y,39
अंगूठी‚,"Anguthi,",,38
आटस,Aatas,,38
आर्किड,Archid,y,38
इण्डस्ट्रीयल,Industrial,,38
उर्खरा,Urkhara,y,38
काशी,Kashi,,38
किरायानामा,Kirayanama,,38
केभाग,Kebhaag,,38
क्रम,Kram,,38
क्वार्टर,Quarter,,38
खाल्ी,,y,38
खुर्द,Khurd,,38
गुरु,Guru,,38
जमुनाधाम,Jamuna dham,,38
तोता,Tota,,38
नन्दनन्दन,Nandnandan,,38
नर्मदा,Narmada,,38
पारस,Paras,,38
पालीखेड़ा,Palikheda,,38
पुश्तैनी,Pushtaini,,38
पैट्रोल,Petrol,,38
प्लाटन०,,y,38
फ्लेंट,Flat,,38
बोदला‚,"Bodla,",y,38
भीतर,Bhitar,,38
भूख्ण्ड,Bhukhand,,38
भूड,Bhud,,38
मंजिल‚,Manjil,y,38
मोतीकुंज,Motikunj,,38
मौह०,,y,38
वाणिज्यिक,Vanijyik,,38
विभव,Vibhav,,38
शिववालानाथ,Shiv valanath,,38
स्तिथ,Stith,,38
हिगोट,Higot,,38
ि‍किता,,y,38
अनूप,Anoop,,37
अन्दयन,Anadyan,,37
अलवतिया,Alvatiya,,37
आवासी,Aavasi,,37
एबी,AB,,37
कलवारी‚,Kalvari,y,37
किसान,Kisan,,37
किेता,Kita,,37
कौलक्‍खा,Kaulakkha,y,37
क्षेे,Kshe,,37
ग्रेटर,Greater,,37
छठा,6th,y,37
छठां,6th,y,37
जमालनगर,Jamal nagar,,37
जीधाम,Jidham,,37
जु०,,y,37
तौसी,Tausi,,37
दामोदरपुरा,Damodarpura,,37
नवलपुर,Navalpur,,37
निर्मल,Nirmal,,37
नौफरी,Naufari,,37
पुराने,Purane,,37
पॉल्स,Polls,y,37
फर्श,Farsh,,37
फलौर,Floor,,37
बाउण्ड्री,Boundary,,37
बाहर‚,"Bahar,",y,37
बैनामा,Bainama,,37
ब्याज,Byaj,,37
ब्रजरज,Brajraj,,37
मंजिली,Manjili,,37
मुवारिजपुर,Muvarijpur,,37
यू०जी०,,y,37
वर्गमीटरका,square meter,y,37
विमल,Vimal,,37
विलेज,Village,,37
विस्तार,Vistar,,37
श्यामा,Shyama,,37
श्रीपाद,Shreepad,,37
सलैमाबाद,Salaimabad,,37
सहखातेदार,Sahkhatedar,,37
सालाना,Salana,,37
सिटी‚,"City,",y,37
सेकण्ड,2nd,,37
हुसैनी,Husaini,,37
अक्खे,Akkhe,,36
अदि,Adi,,36
अलीपुर,Alipur,,36
एलोटमेन्ट,Allotment,,36
काभा,Kabha,,36
कालौनी‚,Colony,y,36
कि‍ता,Kita,,36
कृष्णवन,Krishnavan,,36
क्रमश,Kramash,,36
खिड़की,Khidki,,36
गाटासं,Gatasan,y,36
चेतन,Chetan,,36
चौधरी,Chaudhari,,36
छठमतल,Chathmatal,,36
ज्‍योति,Jyoti,,36
टपरा,Tapra,,36
ठारदर्शी,Thardarshi,,36
डेढ,Dedh,,36
त्रिवेणी,Triveni,,36
दुर्वल,Durval,,36
नम्बरान,no,y,36
नौवा,9th,y,36
पु,Pu,,36
पुरान,Puran,,36
प्रहलाद,Prahlad,,36
फ़र्स्ट,1st,y,36
फलैठ,Flat,y,36
बंसत,Bansat,,36
बीन,Bin,y,36
भार,Bhar,,36
भारती,Bharti,,36
मं,Man,y,36
मटर,Matar,,36
माकरौल,Makraul,,36
मुंबई,Mumbai,,36
मेंमेरा,Menmera,y,36
राष्ट्रीय,Rashtriy,,36
रौहता‚,Rauhata,y,36
लखनपुर,Lakhanpur,,36
लश्करपुर,Lashkarpur,,36
वर्गमीप्लाटनं,Vargmi Plot number,y,36
विवेक,Vivek,,36
विहार‚,"Vihar,",y,36
शंघाई,Shanghai,,36
स्वरूप,Swaroop,,36
हरिदास,Haridas,,36
हैक्अ,Hectare,y,36
ेहे,,Y,36
‚प्लाट,",Plot",y,35
अकबरपुर,Akbarpur,,35
अग्रवाल,Agraval,,35
आनन्दलोक,Anandlok,,35
आफ,Of,,35
आरती,Aarti,,35
एलजी,LG,,35
कल्पना,Kalpana,,35
कालिन्दीकुंज,Kalindikunj,,35
किराये,Kiraye,,35
कैमेलिया,Kaimeliya,y,35
खां,Khasra no,y,35
खेरिया,Kheriya,,35
गजाधर,Gajadhar,,35
चारो,4,y,35
जमुनेश्वर,Jamuneshravar,y,35
जीपुरम,Jipuram,,35
तिलकद्वार,Tilaakdwar,,35
द्वारा,Dwara,,35
नग,Naga,,35
नंम्बर,no,,35
पलाअ,Palaa,y,35
पाकेट,Pocket,,35
पाम,Pam,,35
पुर,Pur,,35
बडा,Bada,,35
बल्देवपुरी,Baldevpuri,,35
बृजरानी,Brujrani,,35
मन्जिल,Manjil,,35
मल्लिका,Mallika,,35
माैैजा,Mauja,,35
मौके,Mauke,,35
रहुंगा,Rahunga,,35
रामरतन,Ramratan,,35
रोम,Rom,,35
लालदास,Laldas,,35
वगमीटर,square meter,,35
सतयुग,Satyug,,35
सर्वरी,Sarvari,,35
सालासर,Salasar,,35
सींगना,Singna,,35
सैादा,Sauda,y,35
हिंगौट,Hingaut,,35
हौम्स,Homes,,35
अटूस,Atus,,34
अंदुरून,Andurun,,34
इन्सपायर,Inspire,,34
ऊॅची,,y,34
एमएमआईजी,MMIG,,34
कन्हैयापुरी,Kanhaiyapuri,,34
कुछ,Kuch,,34
कोषदा,Koshda,,34
गार्डर,Gardar,y,34
गेटवे,Gateway,,34
छठवॉ,6th,y,34
जंगजीत,Jangjeet,,34
दया,Daya,,34
दास,Das,,34
दुकानें,Dukane,,34
धरैरा,Dharaira,,34
नन्दनवन,Nandanvan,,34
नबर,no,y,34
निधिवनधाम,Nidhivan dham,,34
नीम,Neem,,34
पट्टी,Patti,,34
पलट,Plot,,34
पुलिया,Puliya,,34
पैमाईस,Premise,y,34
प्रेरणा,Prerna,,34
प्रोपर्टी,Property,,34
प्लाटस्ं,Plot number,y,34
प्लााट,Plot,y,34
बाउन्ड्री,Boundary,,34
भूूखण्ड,plot,,34
भ्ूमि,,Y,34
मनकैडा,Mankaida,,34
महुआ,Mahuaa,y,34
यानिकि,Yaniki,,34
रामकुंज,Ramkunj,,34
लगभग,Lagbhag,,34
लाट,Lat,,34
वर्गंमी,Sqaure,,34
वैष्णवी,Vaishnavi,,34
श्रीगिर्राज,Shri girraj,,34
श्रीनगर,Shri nagar,,34
सामरा,Samra,,34
सुमित्रा,Sumitra,,34
हरीश,Harish,,34
अनन्त,Anant,,33
इन्दूपुरम,Indupuram,,33
उत्तरदक्षिण,Uttar dakshin,,33
एक्सीलेन्ट,Excellent,,33
एम०,,Y,33
कावेरीकुंज,Kaverikunj,,33
किशोरकुंज,Kishorkunj,,33
कुलकिता,Kulkita,,33
कुलर,Cooler,y,33
कॉम्पलैक्स‚,"Complex,",y,33
कौशिकी,Kaushiki,,33
क्रमशः,Kramashah,y,33
क्रय,Kray,,33
खसरासंख्या,Khasra no,y,33
घर,Ghar,,33
चौ०,,y,33
चौगान,Chaugan,,33
टुण्डपुरा,Tundpura,,33
टेडेश्‍वर,Tedeshvar,,33
टैकमैन,Taikman,y,33
तै,Tai,,33
दीक्षा,Diksha,,33
देवीराम,Deviram,,33
द्वारिकापुरम,Dwarikapuram,,33
नजूल,Najool,,33
पर्ल्स,Pearla,,33
पानीगांव,Panigaon,,33
पार्श्‍वनाथ,Parshvnath,,33
पिंक,Pink,,33
पुष्पाजंली,Pushpajanli,y,33
पोईया,Poiya,,33
पौइन्ट,Point,,33
प्रथमतल‚,"Prathamtal,",y,33
बिरला,Birla,,33
बुद्ध,Buddha,,33
ब्‍लॉक,Block,,33
मखदूमपुर,Makhdumpur,,33
मिथलेश,Mithlesh,,33
मिली,Mili,,33
मुख्यबाजार,Mukhyabajar,,33
यमुनोत्री,Yamunotri,,33
रामदास,Ramdas,,33
रेटन,Retan,,33
वर्गमीट,square meter,,33
वाधवा,Vadhva,,33
विक्रेतागण,Vikretagan,,33
विदयापुर,Vidayapur,,33
विद्यापुर,Vidyapur,,33
वेसमेन्ट,Basement,y,33
शरणम्,Sharanam,y,33
श्रीराधासिटी,Shree radhacity,y,33
सरोवर,Sarovar,,33
सुदामा,Sudama,,33
सेवेंथ,7th,,33
सॉई,,y,33
स्टेशन,Station,,33
स्वप्न,Swapn,,33
हम,Hum,,33
ॐ,Om,y,32
अभैदौपुरा,Abhaidoupura,,32
अयोध्यापुरम,Ayodhyapuram,,32
अरदाया,Ardaya,,32
अरहर‚,"Arhar,",y,32
अर्पणा,Arpana,,32
आई०,,y,32
एनएआर,NAR,,32
ओर,Or,y,32
कारण,Karan,,32
कालिंदी,Kalindi,,32
किशोरीधाम,Kishori dham,,32
केवलरकवा,Kevalrakva,,32
कॉलोनी‚,Colony,,32
खंडनशुदा,Khandanshuda,,32
खरीदार,Kharidar,,32
खसरास०,Khasra no,y,32
चन्द्रलोक,Chandralok,,32
चॉदनी,,y,32
जनक,Janak,,32
जस्से,Jasse,,32
जाजऊ,Jajau,,32
थोक,Thok,,32
द्धितीयतल,Ddhiytal,y,32
नन्दपुरा,Nandpura,,32
नीरज,Neeraj,,32
पटटा,Patta,,32
परबना,Parabna,,32
बागर,Bagar,,32
बीच,Bich,,32
मकाननं,house number,y,32
मजरा,Majra,,32
मलिका,Malika,,32
मुरली,Murli,,32
राजमार्ग,Rajmarg,,32
लाइफ,Life,,32
विक्रत,Vikrat,,32
विष्णूधाम,Vishnu dham,,32
श्रीगणेश,Shree ganesh,,32
श्रीजीधाम,Shriji dham,,32
सती,Sati,,32
सत्‍यम,Satyam,,32
सत्या,Satya,,32
सदन,Sadan,,32
सर्वेन्ट,Servant,,32
सष्टम,6th,y,32
सिंगापुर,Singapur,,32
हवेली,Haveli,,32
हाजीपुर,Hajipur,,32
हैबीटेट,Habitat,,32
अपार्ट,Apart,,31
अर्रूआ,Arruaa,y,31
कआदि,Kaaadi,y,31
कबा,Kaba,,31
कमरानुमा,Kamranuma,,31
खसारा,Khasra no,,31
गढसानी,Gadhsani,,31
गाटानं,Gata number,y,31
गूजर,Goojar,,31
गृह,Gruh,,31
गोला,Gola,,31
चकहफतम,Chakhaftam,,31
चारों,4,y,31
डायमण्ड,Diamond,,31
डीवाईन,Divine,,31
त़तीयतल,Tatiytal,,31
तोष,Tosh,,31
नरेन्द्र,Narendra,,31
नौगांव,Naugaon,y,31
पट्टा,Patta,,31
प्लाअसं,,y,31
फैस,Phase,,31
बद्रीनगर,Badri nagar,,31
बाईपास,Bypass,,31
बाग‚,"Bag,",y,31
बृजबिहार,Bruj bihar,,31
भगत,Bhagat,,31
भाग‚प्लाट,"Bhag, Plot",y,31
माल,Mall,,31
मिलते,Milate,,31
रघु,Raghu,,31
रघुनाथपुरी,Raghunathpuri,,31
रानाकुन्ज,Ranakunj,,31
रामपुर,Rampur,,31
रेजी,Regi,,31
र्फस्ट,1st,y,31
लवकुश,Luvkush,,31
वरदान,Vardan,,31
वास०अ०,,y,31
वासदेव,Vasdev,,31
विद्‍या,Vidya,,31
श्‍यामों,Shyamo,,31
सरजेपुर,Sarjepur,,31
साबिक,Sabik,,31
सिह,Sih,,31
सुम्मेरपुरी,Summerpuri,,31
हसनपुर,Hasanpur,,31
हिसाब,Hisab,,31
हैक्टेर,Hectare,,31
ाखसरा,Khasra,y,31
ेखेतखसरा,Khasra,y,31
अग्रसेन,Agrasen,,30
अभिषेक,Abhishek,,30
अयोध्या,Ayodhya,,30
अरहर,Arhar,,30
अरहेरा,Arhera,,30
इन्दुपुरम,Indupuram,,30
ऊँचागांव,Unchagaon,,30
एक‍,1,y,30
एव,Av,,30
कान्हाकुंज,Kanhakunj,,30
कालौनीफेस,Colony phase,,30
केलनगंज,Kelanganj,,30
गण्ेशपुरम,,y,30
गाट,Gat,,30
ग्रेन्डयोर,Grandeur,y,30
छदामी,Chadami,,30
जैंगारा,Jaingara,,30
टेकमेन,Techman,y,30
टेडेश्वर,Tedeshravar,y,30
ड्रीम्स,Dreams,,30
ताजगंंज,Tajganj,,30
दादूपुरा,Dadupura,,30
देवलोक,Devlok,,30
धौली,Dhauli,,30
नन्दा,Nanda,,30
पटाव,Patav,,30
पार्थ,Parth,,30
पेच,Pech,,30
प्रगतिशील,Pragatisheel,,30
प्रेमनगर,Prem nagar,,30
प्लेस‚,"Place,",y,30
फसे,Fase,,30
बकिया,Bakiya,,30
बापू,Bapu,,30
बारह,12,y,30
भाग्,Bhag,y,30
मारुती,Maruti,,30
रवि,Ravi,,30
रामलाल,Ramlal,,30
ललिताधाम,Lalita dham,,30
वर्ममीटर,square meter,y,30
वंशी,Vanshi,,30
वाकन्दा,Vakanda,,30
वाकन्दाखास,Vakandakhas,,30
विलासगंज,Vilasganj,,30
शाहपुर,Shahpur,,30
शीतलधाम,Sheetal dham,,30
शोरूम,Show room,,30
सम्‍पूर्ण्,Sampurn,y,30
साँई,Sai,,30
स्थिति,located,,30
है。,Hectare,y,30
अन्‍दर,Andar,,29
अमरपुरम,Amarpuram,,29
इक,Ik,y,29
इन्कारनेशन,Incarnation,,29
ईश्वर,Ishravar,y,29
उखर्रा‚,"Ukharra,",y,29
उपाध्यायपुरम,Upadhyaypuram,,29
काउत्तरी,Kauttari,,29
किचिन,Kitchen,,29
कृशि,Agricultural,,29
केशवपुरम,Keshavpuram,,29
खस,Khas,,29
खैरानी,Khairani,,29
गर,Gar,,29
गुने,Gune,,29
गौरापाड़ा,Gaurapada,,29
चन्द,Chand,,29
छटातल,Chatatal,,29
ट्रेड,Trade,,29
पुष्‍पा,Pushpa,,29
पूण्र,Punra,,29
प्लेटीनम,Platinum,,29
बद्री,Badri,,29
बबरौद,Babraud,,29
बरकबा,Barakba,,29
बाकी,Baki,,29
बुद्व,Budva,y,29
बेसमेन्‍ट,Basement,,29
मस्जिद,Masjid,,29
मुरलीकुंज,Murlikunj,,29
मुरलीधरधाम,Murlidhar dham,,29
मुस्कान,Muskan,,29
रहनकला,Rahankala,,29
रायपुर,Raipur,y,29
रैजीडैन्सी,Residency,,29
र्वमी,Rvmi,y,29
लोहामण्डी‚,Lohamandi,,29
वर्ष,Varsh,,29
वसैया,Vasaiya,,29
वृन्दापुरम,Vrundapuram,,29
वैकुण्ठ,Vaikunth,,29
शान्तिवन,Shantivan,,29
संक्रमणीय,Sankramaniy,,29
सपेरा,Sapera,,29
सम्पूूर्ण,Sampurn,,29
सीजन,Season,,29
सौन्दर्म,Saundarm,,29
हरिपर्वत,Hari parvat,,29
हीरा,Heera,,29
हुयी,Huyi,,29
अतिरिक्त,Atirikt,,28
आठ,8,,28
आरोग्य,Aarogy,,28
एक्सटंेशन,,y,28
कबूलपुर,Kabulpur,,28
करन,Karan,,28
करना,Karna,,28
कल्पबट,Kalpbat,,28
काछीपुरा,Kachipura,,28
किंग्स,Kings,,28
केन्द्र,Kendra,,28
केलिडोरा,Kelidora,y,28
केशवनगर,Keshav nagar,,28
कोरई,Korai,y,28
क्लाउडस,Cloudas,y,28
खण्डहर,Khandahar,,28
खंदारी,Khandari,,28
खा०,Khasra no,y,28
खाण्डा,Plot,,28
गाटज्ञ,Gatdnya,y,28
गिरधर,Girdhar,,28
गुम्मट,Gummat,,28
गुरूकृपाधाम,Guru krupa dham,,28
गुरूधाम,Guru dham,,28
जे०,J,y,28
टीचर्स,Teachers,,28
टैकमेन,Techman,y,28
तिकोना,Tikona,,28
तेरहवां,13th,y,28
धनौली‚,"Dhanauli,",y,28
धौरेरा,Dhaurera,,28
नगलापदी,Naglapadi,,28
नवलगंज,Navalganj,,28
निर्मीत,Nirmit,,28
नीबू,Neebu,,28
पीपल,People,,28
प्रकाशनगर,Prakash nagar,,28
प्रख्यापन,Prakhyapan,,28
ब्रजधाम,Braj dham,,28
भखण्ड,Bhakhand,,28
भूखण्डस,Bhukhandas,,28
मयंक,Mayank,,28
मानसी,Mansi,,28
मि०रकबा,,y,28
मुरारी,Murari,,28
मेप्रथम,Me pratham,y,28
मोतीनगर,Moti nagar,,28
राधेधाम,Radhe dham,,28
रामजीत,Ramjeet,,28
रोडवेज,Roadways,,28
लिंकरोड,Link road,,28
लोकपुरम,Lokpuram,,28
वरूण,Varun,,28
विकृयरकवा,Vikruyarkava,,28
विक्रेय,Vikrey,,28
शकुन्तला,Shakuntala,,28
शिवदास,Shivdas,,28
शैड,Shaid,y,28
श्रीकृष्णशरणम्,Shri krishna sharanam,y,28
श्रीगोपाल,Shree gopal,,28
श्रीजीकुंज,Shrijikunj,,28
श्रीराधापुरम,Shri radhapuram,,28
संध्‍या,Sandhya,,28
संम्‍पूर्ण,Sampurn,,28
हरेकृष्णा,Hare krishna,,28
हाऊस,House,,28
हिस्सेका,Hisseka,,28
है०मेंहिस्सा,Hectare,y,28
हैक्टयेर,Hectare,,28
‚क्षेत्रफल,Area,y,27
अष्टमतल,Ashtamtal,,27
आविदगढ,Aavidgadh,,27
करीब,Kareeb,,27
कादऊवारऊ,Kadauvarau,y,27
किृषि,Krishi,y,27
कौरई,Kaurai,y,27
क्षे़त्रफल,Area,,27
गण्ेशधाम,,y,27
गल्ला,Galla,,27
गौरवा,Gaurava,,27
घ‚,,y,27
चकसोयम,Chaksoyam,,27
डब्लू०,,y,27
डीम,Dim,,27
तौरा,Taura,,27
दीपक,Deepak,,27
देवश्री,Devshree,,27
नेकपुर,Nekpur,,27
पायलपुरम,Payalpuram,,27
पुतरिया,Putriya,,27
पैमायशी,Paimayashi,,27
प्रोपटी,Property,,27
बसई‚,"Basai,",y,27
बहादुर,Bahadur,,27
बेर,Ber,,27
ब्रह्मपुरी,Bramhapuri,,27
भरत,Bharat,,27
भूखण्डन,Bhukhandan,,27
भूमिखाता,land khata,,27
मलखान,Malkhan,,27
म्यूनिसिपल,Municipal,,27
राधाकुण्ड,Radhakund,,27
रामबाग,Rambag,,27
वशिष्ठ,Vashisth,,27
विकसित,Viksit,,27
विक्रय।,Vikray.,y,27
शम्भू,Sambhu,,27
शांती,Shanti,,27
शान्ता,Shanta,,27
श्रीगोपालधाम,Shree gopal dham,,27
सीगना,Signa,,27
सेवन,Sevan,,27
स्नेह,Sneh,,27
हिल,Hill,y,27
हैटेयर,Hectare,,27
होमेज़,Homage,,27
ीटर,,Y,27
ेसे,,y,27
अविकसित,Aviksit,,26
अंश।,,y,26
आनन्दी,Anandi,,26
एच०,,y,26
एनथम,Anthem,,26
एप्रूब्ड,Approved,y,26
ओउम,Om,y,26
कमि,Kami,,26
कल्पनाधाम,Kalpana dham,,26
कु०,,y,26
कृष्णकुन्ज,Krishnakunj,,26
केशवकुन्ज,Keshavkunj,,26
कॉलाैनी,Colony,,26
क्षे़०,Area,y,26
खसरस,Khasra,,26
गऊघाट,Gaughat,,26
गढीचन्द्रमन,Gadhichandraman,,26
गोपिका,Gopika,,26
गोबिन्द,Gobind,,26
गोविन्‍द,Govind,,26
गौरीनगर,Gauri nagar,,26
गौशाला,Gaushala,,26
चन्दा,Chanda,,26
चर्ग,Charg,,26
जिसक,Jisak,,26
जोप्लाट,Jo plot,y,26
त्रिमूर्ति,Trimurti,,26
दयालबाग,Dayal bag,,26
दसविसा,Dasvisa,,26
दुकाने,Dukane,,26
दूसरा,2nd,y,26
देवीपुरा,Devipura,,26
नंद,Nand,,26
नन्‍दलालपुर,Nandlalpur,,26
नंम्बरी,no,,26
नवांतल,Navantal,,26
नस,Nas,,26
नहीं,Nahi,,26
निहाल,Nihal,,26
पडती,Padti,,26
प्रकाशपुरम,Prakashpuram,,26
प्रभूमाया,Prabhumaya,,26
प्रीति,Preeti,,26
प्लाटसंख्या,Plot number,y,26
फ्रैण्ड्स,Friends,,26
फ्लोर‚,"Floor,",,26
बलदाऊधाम,Baldau dham,,26
बिहारीलाल,Biharilal,,26
भवनपुरा,Bhavanpura,,26
भवनसंख्या,Bhavan number,y,26
भागका,Bhagka,,26
मडौल्ी,,y,26
मनोहर,Manohar,,26
माईलस्टोन,Milestone,,26
रघुवीर,Raghuveer,,26
राजाधिराज,Rajadhiraj,,26
रायमल,Raimal,y,26
लगान,Lagan,,26
लन्दन,London,,26
वर्षा,Varsha,,26
वैष्णों,Vaishno,,26
शॉपिंग,Shopping,,26
शोभानगर,Shobha nagar,,26
श्रद्धा,Shraddha,,26
श्रीगणेशधाम,Shree ganesh dham,,26
सातवॉ,7th,y,26
सुन्‍दर,Sundar,,26
सैक्टेर,Sector,,26
सैन्टर,Centre,,26
हसेला,Hasela,,26
हाऊसिंग,Housing,,26
हाथी,Hathi,,26
है०गा०स०,Hectare,y,26
है०प्रथम,Hectare,y,26
है०यानि,Hectare,y,26
हैका,Haika,,26
अआदि,Aadi,y,25
आनन्दधाम,Anand dham,,25
आंवलखेडा,Aanval kheda,y,25
आस्थान,Aasthan,,25
एककिताप्लाट,Ekkita plot,y,25
एमीनेन्ट,Eminent,,25
एवम,Avam,,25
एसए,SA,,25
ऐलीगेन्स,Elegance,,25
औधोगिक,Audhogik,,25
ककरारी,Kakrari,,25
कचौरा,Kachaura,,25
कंस्ट्रक्शंस,Constructions,,25
कहरई‚,Kaharai,y,25
काम्पलेक्स,Complex,,25
कुला,Kula,,25
कृष्णापुरी,Krishnapuri,,25
क्रांसिंग,Crossing,,25
खसरानंं,Khasra no,y,25
खालीभूखण्ड,Empty plot,,25
ख्रेत,Khret,,25
गढीरामी,Gadhirami,,25
गदपुरा,Gadpura,,25
गोविन्दनगर,Govind nagar,,25
चन्द्रनगर,Chandra nagar,,25
जगन्नाथ,Jagnnath,,25
जरखरीद,Jarkhareed,,25
जी‚,G,y,25
जोे,Jo,,25
ढ,Dh,,25
त्रतीयतल,Tratiytal,,25
दाउजी,Dauji,,25
धरम,Dharam,,25
नं०़,no,y,25
नम्वरी,no,,25
निकुन्ज,Nikunj,,25
नैनानाजाट,Nainanajat,,25
पत्तल,Pattal,,25
पवनकुंज,Pavankunj,,25
पीरपंच,Pirpanch,,25
पृथ्वीनाथ,Pruthvinath,,25
प्रदीप,Pradeep,,25
फतेहपुरा,Fatehpura,,25
फ्रीहोल्ड,Freehold,,25
भक्तिपुरम,Bhaktipuram,,25
भा०,,y,25
मदरा,Madra,,25
मांगरौल,Mangraul,,25
मेंप्रथम,Me pratham,,25
रकवे,area,,25
राजग्रीन,Rajgreen,,25
राधाएन्क्लेव,Radha enclave,,25
राधानगर,Radha nagar,,25
रामाकृष्ण,Rama krishna,,25
लोहकरेरा,Lohakrera,,25
वमनपुरा,Vamanpura,,25
वमान,Vaman,,25
वर्ग०,square,y,25
वर्गमीृ,square meter,y,25
वासु,Vasu,,25
विक्रेतागणों,Vikretagano,,25
विरजापुर,Virjapur,,25
शाहकुली,Shahkuli,,25
शिखर,Shikhar,,25
श्यामजी,Shyamji,,25
सहता,Sahta,,25
साकेत,Saket,,25
साक्षी,Sakshi,,25
साविक,Savil,,25
स्म्पूर्ण,Sampurn,,25
हाईटैक,Hightech,y,25
हैक्‍टे,Hectare,y,25
हैै।,Hai.,y,25
होने,Hone,,25
ीावन,,y,25
कारे,Kare,,24
कॉर्नर,Corner,,24
क्योस्क,Kyosk,y,24
क्रेस्ट,Crest,,24
खातेजात,Khatejat,,24
खिडकी,Khidki,,24
ख्वाहिन्दगान,Khvahindgan,,24
ण,N,y,24
दितीयचरण,Ditiy charan,,24
प्रत्येक,Pratyek,,24
बसैया,Basaiya,,24
बृजभूमि,Bruj bhumi,,24
मंजिलीय,Manjiliy,,24
महुअन,Mahuan,,24
माधवकुन्ज,Madhavkunj,,24
रंजीत,Ranjeet,,24
वृज,Vruj,,24
वैष्णोबिहार,Vaishno bihar,,24
श्रीकुंज,Shrikunj,,24
सोख,Sokh,,24
हरीपुरम,Haripuram,,24
हरेकृष्णाधाम,Hare krishna dham,,24
हिस्‍सा,Hissa,,24
हैं०,Hectare,y,24
मि0,Min,y,11
जिलाआगरा,agra district,,11
तह0,tehsil,,11
‚ए,",A",y,12
‚बी,",B",y,15
‚व,",V",y,15
ʺएन्थिला,Anthilla,y,12
०पौइन्ट,point,y,14
अक,Ak,,17
अंकितपुरी,Ankitpuri,,22
अकृषित,Akrushit,,18
अकोला‚,"Akola,",y,18
अक्षे,Akshe,,16
अखवाई,Akhvai,,12
अखैय,Akhaiy,,13
अगनपुरा,Aganpura,,18
अंगनपुरा,Anganpura,,13
अगम,Agam,,13
अगरिया,Agriya,,19
अग्रसैनपुरम,Agrasainpuram,,15
अग्रोहा,Agroha,,14
अचल,Achal,,13
अंजना,Anjana,,14
अजयनगर,Ajay nagar,,13
अंजलि,Anjali,,14
अंजली,Anjali ,,15
अजीजपुर‚,Ajijpur,,20
अजीत,Ajit,,14
अडडा,Adda,,15
अडूकी,Aduki,,12
अड्डा,Adda,,14
अनदरून,Anadrun,,17
अनिष्का,Anishka,,18
अनुज,Anuj,,12
अन्दर‚,"Andar,",y,16
अन्दरू,Andaru,,11
अन्दरूनी,Andaruni,,20
अपन,Apan,,18
अपनेहिस्से,Apne hisse,,21
अपनेे,Apne,,13
अपार्टमंेट,Apartment ,y,13
अपार्टमेण्‍ट,Apartment ,,20
अपार्टमेन्ट्स,Apartments ,,15
अपास,Apas,,14
अफिस,Office,y,15
अब्बास,Abbas,,15
अभय,Abhay,,13
अभयपुरा‚,"Abhaypura,",y,12
अमि,Ami,,23
अमितदेव,Amitdev,,24
अम्‍बेडकर,Ambedkar ,,11
अयूब,Ayub,,24
अरकवा,Arakva,,17
अरजी,Arji,,16
अरतौनी‚,"Artauni,",y,20
अरविन्द,Arvind ,,19
अरसैना,Arsaina,,15
अरावली,Aravali,,20
अरिहंत,Arihant,,19
अरेला,Arela,,20
अर्द्ध,Addhra,y,14
अर्ध,Ardh,,16
अर्धनिर्मित,Ardhnirmit,,12
अर्रूआखास,Arru aakhas,y,12
अलकापुरी,Alkapuri,,23
अलबतिया‚,"Albatiya,",y,14
अली,Ali,,13
अव,Av,,15
अवधेशपुरी,Avdheshpuri,,13
अवागढ,Avagadh,,15
अंंश,Ansh,,13
अंशुल,Anshul,,17
अश्,Ash,y,19
अंश्,Ansh,y,19
अंष,Ansh,,14
अष्‍टमतल,Asthamtal,,20
अष्ठम,Ashtham,,16
अहाता,Ahata,,12
अहिल्यागंज,Ahilyaganj,,18
अापस,Aapas,,13
आईएनएस,INS,,14
आईकॉन,Icon,,14
आईजी,IG,,13
आकाशवाणी,Akashvani,,20
आग,Aag,,13
आगरा‚,"Agra,",y,12
आच्छादित,Aacchadit,,19
आजम,Aajam,,12
आजमपाडा,Aajampada,,15
आजमपुर,Ajampur,,18
आजमाबाद,Aajmabad,,16
आठवॉ,8,y,22
आद,Aad,,11
आदित्य,Aditya,,18
आधार,Aadhar ,,20
आनंद,Anand ,,21
आनन्दकुंज,Anandkunj,,13
आनन्दपुरी,Anandpuri,,23
आबदी,Aabadi,,20
आयत,Aayat,,23
आयातों,Aayato,,22
आयुष,Aayush ,,13
आयुषी,Aayushi,,17
आर०के०पुरम्,R K puram,y,18
आरबी,RB,,14
आरसीसी,RCC,,11
आरा,Aara,,11
आराज,Aaraj,,22
आराजीु,Aaraji ,y,15
आराधना,Aaradhana,,24
आर्ना,Aarna,,17
आर्मी,Army,,14
आँवलखेडा,Aanvalkheda,y,24
आँवलखेड़ा,Aanvalkheda ,y,18
आवासीयप्लाट,Aavasiy plot,,19
आवाासीय,Aavasiy,y,24
आशानगर,Asha nagar,,12
आशीष,Ashish,,17
आश्रय,Aashray,,12
आस्थान्जली,Aasthanjali,,14
इकरामनगर,Ikram nagar,,14
इटौरा‚,"Itaura,",y,16
इण्टर,Inter,,21
इण्‍टर,Inter,,14
इन्‍कलेव,Enclave,,22
इन्क्लेब,Enclave,,24
इन्टरनिटी,Internity,y,24
इन्द्रापुरम,Indrapuram,,15
इन्फिनिटी,Infinity,,18
इम्‍लाक,Imlak,,12
इशरत,Ishrat,,12
इसके,Iske,,14
इस्टेट,Estate,,15
इस्‍लाम,Islam,,20
इ्,E,y,11
ई०डव्लू०एस०,EWS,y,13
ई२,,y,13
ईडब्लू,EW,,22
ईडब्‍लूएस,EWS,,15
ईडब्ल्यू,EW,,11
ईडव्लूएस,EWS,,22
ईदगाह,Idgah,,19
उत्‍तर,Uttar,,12
उत्तरीभाग,Uttari bhag,,14
उत्तू,Uttu,,12
उदित,Udit,,15
उन्देरा,Undera,,15
उन्‍नति,Unnati,,16
उपनाम,Upnam,,13
उपर,Upar,,12
उपरोक्त,Uprokt,,16
उपाध्‍याय,Upadhyay ,,20
उपाध्‍यायपुरम,Upadhyaypuram ,,12
उमा,Uma,,16
उस,Us,,14
उसमानपुर,Usmanpur,,18
उस्मानपुर,Usmanpur,,15
उॅची,,y,15
ऊँची,Unchi,,14
ऊंची,Unchi,,12
ऊँट,Unt,,13
ऊर्फ,Urf,,13
ऊॅचा,Ucha,y,11
ए‚ई,"A,E",y,19
ए०के०,AK,Y,13
ए०बी०,AB,Y,13
ए‍क,1,,18
एकमंजिल,1 floor,,11
एंकलेव,Enclave,,14
एकिता,1,,22
एक्टेंशन,Extension ,,14
एंक्लेव,Enclave,,22
एक्‍स,Extension ,,18
एक्‍सटेन्‍सन,Extension ,,12
एक्सटेंसन,Extension,,19
एक्सटैंशन,Extension ,,24
एक्सिलेन्ट,Excellent ,,13
एक्‍सीलेंट,Excellent ,,15
एच‚,"H,",y,17
एटी,Eti,,21
एडक,Adak,,21
एडीए,ADA,,15
एनक्लेव,Enclave,,21
एनेक्सी,Anexi,y,23
एन्कलेव‚,"Enclave,",y,24
एन्कलैव,Enclave ,,16
एन्थम‚,"Anthem,",y,14
एपी,AP,,18
एप्रूव्ड,Approved ,,15
एफ०एफ०,FF,y,14
एफटी,FT,,11
एफोर्डेविल, ,y,14
एम०पी०,MP,y,13
एमपी,MP,,22
एमरेल्ड,Emerald ,,16
एमसी,MC,,18
एरकबा,Arakba,,15
एल०,L,y,13
एल०आई०जी,LIG,y,13
एल०एल०पी०,LLP,Y,12
एलजीएफ,LGF,,21
एलोरा,Ellora,y,19
एंव,Anv,y,22
एवलोन,Evlon,y,20
एस०एफ०,SF,y,17
एसई,SE,,16
एसएन,SN,,13
एसटी,ST,,11
एसबी,SB,,11
एस्‍टेट,Estate,,11
ए्कड,Acre,y,15
ऐ,A,,18
ऐवेन्यु,Avenue ,,11
ओझल,Ozal,,12
ओधोगिक,industrial,,13
ओपिन,Open,,24
ओफिस,Office ,,14
औधौगिक,Audhaugik,,16
औलेण्डा,Aulenda,,19
कक,Kak,,17
ककरेठा,Kakretha,,11
ककरैठा‚,"Kakraitha,",y,13
कक्ष,Kaksh,,23
कंचनपुर,Kanchanpur,,16
कचोरा,Kachora,,12
कटारा‚,"Katara,",y,22
कठवारी,Kathvari,,14
कनक,Kanak,,18
कनकोर,Kankor,,16
कनकौर,Kankaur,,12
कन्सट्रक्शंस,Constructions ,,15
कपडा,Kapda,,12
कबर्ड,Cupboard ,y,11
कबीर,Kabir,,12
कभाग,Kabhag,,24
कमर्शियल,Commercial ,,18
कम्पाउण्ड,Compound,,12
करकबा,Karakba,,13
करमना,Karamna,,16
कर्वड,Covered ,,14
कल,Kal,,16
कलस्टर,Cluster ,y,17
कला,Kala,,20
कलोनी,Colony ,,17
कस,Kas,,13
कंस,Kans,,20
कंसखार,Kanskhar,,18
कसाईपाडा,Kasaipada,,12
कसेरान,Kaseran,,13
कस्‍वा,Kasva,,20
का‚,"Ka,",y,23
काकुल,Kakul,,17
काजीपाडा,Kajupada,,11
काजुज,Kajuj,,21
काटेज,Cottage,,24
कात्यानी,Katyani,,13
कात्यायनी,Katyayani,,13
कादक्षिणी,Kadkshini,,18
कान,Kan,,12
कान्तापुरी,Kantapuri,,20
कापश्चिमी,Kapashchimi,y,12
कापूर्वी,Kapurvi,,24
काबेरी,Kaberi,,18
काभग,Kabhag,,22
कामधेनु,Kamdhenu,,16
कामना,Kamna,,12
कामर्शियल,Commercial ,,21
कार,Car,,19
कारकवा,Karakva,,19
कारपेट,Carpet ,,13
कार्य,Kary,,14
कालिन्‍दी,Kalindi ,,23
काले,Kale,,18
कालेानी,Colony,,13
कालेौनी,Colony,,11
कालैनी,Colony,,18
कालोनी‚,Colony,,15
कालौन,Colony,,22
काव्याजंलि,Kavyajanli,y,23
काव्याजंली,Kavyajanli ,y,16
काशीधाम,Kashi dham ,,22
काीााग,,y,23
काॅम,Com,,14
काॅम्पलैक्स,Complex ,,13
किक्रय,Kikray,,12
किताआराजी,Kita aaraji,,12
किताखाली,Kitakhali,,15
कितामकान,Kitamakan,,20
किताा,Kita,y,20
किदवई,Kodvai,y,17
किनारी,Kinari,,14
किरनबाग,Kiranbag,,12
किरायेनामा,Kirayenama,,13
किरायेशुदा,Kiraye shuda,,13
किलोमीटर,Kilometers,,11
किशोरपुरा,Kishorpura,,23
किात,,y,17
कीठम,Keetham,,23
कीमत,Keemat,,16
कुँज,Kunj,,17
कुंंज,Kunj,,12
कंुज,,y,16
कुंज‚,"Kunj,",y,22
कुठावली,Kuthavali,,19
कुण्ड,Kund,,19
कुण्‍डौल,Kundaul,,12
कुतलूपुर,Kutlupur,,12
कुमार,Kumar,,11
कुम्हेरिया,Kumheriya,,13
कुलक्षेत्रफल,Kul Kshaitrafal ,,20
कुलक्षै,Kulkshai,,16
कुलभाग,Kulbhag,,11
कुलरकबा,Kularakba,,13
कुशवाह,Kushvah,,18
कुषि,Kushi,,17
कुुल,Kul,,22
कूकन,Kukan,,15
कृष,Krush,,16
कृषि‍,Krushi,,12
कृष्ज्ञि,Krushidnya,y,21
कृष्‍ण,Krishna ,,23
कृष्‍णापुरी,Krishnapuri,,12
कृष्णावास,Krishnavas,,17
कृृषि,Krushi ,,16
के०ए०,KF,y,13
के०सी०,KC,y,12
केअपने,Ke apne,,15
केई,KI,y,15
केके,KK,,17
केला,Kela,,23
केशोपुरा,Keshopura,,14
कैमारवन,Kaimarvan,,18
कैलाकुंज,Kailakunj,,15
कॉ,Ko,y,12
कॉटेज,Cottage,,24
कॉमर्सियल,Commercial ,,14
कॉम्प्लैक्स,Complex ,,12
कॉलाेनी,Colony,,13
कोटला,Kotla,,16
कोमल,Komal,,11
कोयला,Koyla,,14
कोरपोरेशन,Corporation ,,13
कोल्ड,Cold,,17
कोसीखुर्द,Kosikhurd,,14
कौ०,,y,19
कौलक्खा‚,Kaulkkha,,14
कौलोनी,Colony,,16
कौशलपुर,Kaushalpur,,21
कौशलपुरी,Kaushalpuri,,15
क्योक्स,Kyoks,,18
क्र०,,y,12
क्रष्‍णा,Krashana,,19
क्रिएटिव,Creative ,,13
क्रेता,Kreta,,18
क्लाउड्स,Clouds ,,11
क्लास्सिक,Classic,,12
क्वालिटी,Quality ,,15
क्षरे,Kshare,,13
क्षे。,area,y,15
क्षें०,area,y,13
क्षेत्रफलल,area,,11
क्षेे०,area,y,22
क्षेेत्रफल,Kshetrafal ,,23
क्षैत्रुल,Kshaitrul,,15
क्ष्ेा,area,y,17
खं,Khan,y,20
खआदि,Khaadi,y,17
खण्डर,Khandar,,14
खण्डेलवाल,Khandelval,,14
खत,Khat,,15
खताा,Khata,y,12
खन्दारी,Khandari,,23
खम्बा,Khamba,,14
खयरा,Khayra,,11
खरवा,Kharsa,,13
खरसरा,Kharsa,,18
खरसा,Kharsa,,15
खस०,Khasar no,y,17
खसरन,Khasar no,,14
खसरनं,Khasar no,y,17
खसररा,Khasra,,20
ख़सरा,Khasra,,20
खंसरा,Khasra,,14
खसरार,Khasra,,13
खसराा,Khasra,y,20
खसरीा,Khasra,y,17
खससरा,Khasra,,22
खाँ,Khaun,y,17
खा०स०,,Y,12
खाताा,,y,14
खानपुर,Khanpur,,16
खाना,Khana,,12
खारिज,Kharij,,11
खिन्नी,Khinni,,22
खिल्लीपुरम,Khillipuram,,13
खेड़ा,Kheda,,19
खेडासांधन,Kheda sandhan,,14
खेरा,Khera,,12
खॉडा,Khoda,y,14
ख्राता,Khrata,,19
ख्राली,Khrali,,14
ख्वान्दिगान,Khwandigan,,23
ख्वासपुरा,Khwaspura,,13
ख्ेात,,y,15
गऊशाला,Gaushala,,20
गंगरौआ,Gangrauaa,y,15
गंगानगर,Ganga nagar,,24
गंगासिटी,Ganga city ,y,11
गंगे,Gange,,17
गढीमा,Gadhima,,15
गणेशसिटी,Ganesh city ,y,19
गनेशपुरी,Ganeshpuri,,22
गयी,Gayi,,22
गरुड,Garud,,14
गरुण,Garun,,12
गरूण,Garun,,13
गर्वी,Garvi,,13
गली‚,"Gali,",y,20
गव्रमी,Gavrami,,23
गव्रम्ी,,y,13
गहर्रा,Gaharra,,11
ग़ा०स०,Gat no,y,16
गाटाओं,Gatao,,14
गाटासंख्या,Gat no,y,16
गाटे,Gate,,18
गामरी‚,"Gamri,",y,18
गामैती,Gamaiti,,13
गारन्टी,Guarantee ,,13
गारापुर,Garapur,,13
गार्डेन,Garden ,,12
गाँव,Gaon,,14
गााटा,,y,11
गिरधरकुन्ज,Girdharkunj ,,21
गिरारा,Girara,,11
गिरि,Giri,,21
गिर्राज्,Girraj ,y,17
गुडकीमंडी,Gudkimandi,,20
गुम्‍मट,Gummat,,11
गुरूनानक,Guru nanak,,18
गूलर,Goolar,,19
गृहणी,Gruhni,,12
गृहस्थान,Gruhsthan,,13
गेस्ट,Guest,,12
गैराज,Garage ,,14
गैरेज,Garage ,,21
गैस,Gas,,21
गैस्ट,Guest ,,21
गो,Go,,12
गोकरननाथ,Gokran nath,,16
गोकुलनगर,Gokul nagar,,13
गोकुलपुरा,Gokulpura,,13
गोकुलम,Gokulam,,19
गोपालगढ,Gopalgadh,,12
गोपी,Gopi,,22
गोपेश्वर,Gopeshravar,y,23
गोबर,Gobar,,20
गोवर्धनधाम,Govardhan dham,,19
गोविंद,Govind,,13
गोविंदपुर,Govindpur,,15
गौर,Gaur,,12
गौरव,Gaurav,,15
गौरानगर,Gaura nagar,,13
गौरापाडा,Gaurapada,,19
ग्यारहवांतल,Gyarahvantal,y,14
ग्यासपुरा,Gyaspura,,12
ग्राउण्‍ड,Ground ,,15
ग्राण्ड,Grand,,17
ग्रामीण,Gramin,,22
ग्रेट,Great,,15
ग्लोबल,Global,,22
ग्वाला,Gwala,,20
ग्वालियर,Gwalior,,19
घटिया,Ghatiya,,13
घास,Ghas,,14
घेर,Gher,,18
घेरा,Ghera,,15
घौरौली,Ghaurauli,,12
च‚,"Ch,",y,12
चकबन्दी,Chakbandi,,17
चददर,Chaddar,,13
चन्‍द्र,Chandra,,23
चन्द्रपुरी,Chandrapuri,,22
चन्द्रा,Chandra,,23
चबूतरा,Chabutara,,22
चमारान,Chamaran,,24
चरन,Charan,,11
चर्तुथ,Chaturth,,11
चहारम,Chaharam,,18
चाहर,Chahar,,16
चाहरदीवारी,Chahar deewari,,19
चिरंजीलाल,Chiranjilal,,12
चिरहौली,Chirhauli,,16
चुरमुरा,Churmura,,11
चुरियारी,Churiyari,,17
चे,Che,,13
चेतन्य,Chetany,,13
चैकोरा,Chaikora,,13
चैतन्यलोक,Chaitanyalok,,24
चौ,Chau,,18
चौकडा,Chaukada,,15
चौदहवांतल,Chaudahavatal,y,15
चौमा,Chauma,,17
चौमाशाहपुर,Chaumashahpur,,19
छः,Chah,y,17
छटवांतल,Chatvantal,,18
छटा,6,y,16
छठवा,6,,13
छह,6,,13
छाता,Chata,,22
छाया,Chaya,,19
छूट,Chut,,18
छोटा,Chota,,21
जऊपुरा‚,"Jaupura,",y,14
जगदम्बा,Jagdamba,,18
जगदीश,Jagdish,,22
जगन,Jagan,,19
जगनपुर‚,"Jaganpur,",y,14
जगन्नाथधाम,Jagnnath dham,,12
जदीद,Jadid,,15
जनता,Janta,,22
जनूथा,Janutha,,18
ज़मीन,Jameen,,12
जमुनाबाग,Jamunabag,,16
जयधाम,Jay dham,,15
जयपुर,Jaipur ,,22
जयभगवती,Jay bhagvati,,12
जयराम,Jairam,,17
जाजौली,Jajauli,,13
जाट‚,"Jat,",y,17
जाटव,Jatav,,14
जाती,Jati,,13
जातो,Jato,,20
जाना,Jana,,16
जानी,Jani,,13
जाने,Jane,,20
जाय०,,y,12
जायदा,Jayda,,12
जायदाद‚,"Jaydad,",y,13
जाेे,Jo,,17
जिटोरा,Jitora,,17
जिटौरा,Jitaura,,14
जिनकी,Jinki,,12
जिसकाकुल,Jiska kul,,12
जी०एफ०,JF,y,17
जीन,Jin,,18
जीवन,Jeevan,,22
जीवनी,Jeevani,,22
जुज़,Juj,,14
जुुुज,Juj,,18
जूज,Juj,,23
जे‚,J,y,17
जे०पी०,JP,y,19
जेबी,JB,,14
जेरेहमाम,Jerehamam,,12
जैसवाल,Jaiswal ,,24
जोआपस,Jo aapas,,16
जोत,Jot,,21
जोती,Joti,,13
जोन्स,Jons,,17
ज्ञानसिंह,Dnyansinh,y,24
ज्योतिधाम,Jyoti dham,,19
ज्योतिपुरम,Jyotipuram ,,12
झाँसी,Jhansi,,12
टर,Tar,,22
टा,Ta,,15
टायप,Type,,18
टीकरी,Tikri,,13
टीनशैड,Teenshed,y,14
टीनसैट,Teensait,y,12
टीनसैड,Teenshed,y,23
टुण्डा,Tunda,,20
टेक्स,Tex,,16
टेड़ेश्वर,Tedeshravar,y,12
टेंथ,10,y,12
टेरा,Tera,,21
टेहू,Tehu,,20
ट्रान्‍स,Trans,,22
ट्रान्सपोर्ट,Transport,,22
ट्रांसपोर्ट,Transport,,17
ठ,Th,,16
ठठेरान,Thatheran,,16
ठाकुर,Thakur,,14
ठाकुरान,Thakuran,,15
ठारदंशी,Thardanshi,,14
ड‚,D,,19
डफोडिल्स,Dafodils,y,24
डबलू,W,,13
डब्लूएस,WS,,12
डब्‍ल्‍यू,W,,15
डब्ल्ू,W,y,16
डव्‍लू,W,,11
डहरुआ,Daharuaa,y,12
डायनामिक,Dynamic ,,17
डायविल,Daywill,y,19
डिग्री,Degree,,23
डिठवार,Dithvar,,15
डिफेंस,Defence,,17
डिसर्चाज,Discharge ,,19
डी०आर०,,y,13
डी०एस०,,y,14
डी०डी०,,y,13
डुप्लैक्स,Duplex ,,11
डेजी,Daisy,,12
डेसीमल,Decimal,,13
डैम्पीयर,Dampier ,,21
तकिया,Takiya,,13
तदाद,Tadad,,14
तदादी,Tadadi,,16
तन्हा,Tanha,,14
तमन्ना,Tamanna,,14
तमिरात,Tamirat,,19
तयशुदारकवा,Tayshuda rakva ,,16
तंरग,Tanrag,,23
तरह,Tarah,,16
ताजगंज‚,"Tajganj, ",y,12
ताजपुर,Tajpur,,20
तादा,Tada,,14
तानगढी,Tangadhi,,15
तारसी,Tarsi,,19
तालवन,Talvan,,13
तालाब,Talab,,19
तिकोनिया,Tikoniya,,18
तिरुपति,Tirupati ,,13
तिरूपति,Tirupati,,18
तिवारा,Tivara,,15
तृतिय,Trutiy,y,23
तेरहवा,13,,17
तेहरवां,13,,23
तैय,Taiy,,21
तोतानगर,Tota nagar,,24
तोश,Tosh,,20
तोषी,Toshi,,13
तौशी,Taushi,,22
तौषी,Taushi,,17
त्यागी,Tyagi,,22
त्रिलोक,Trilok,,18
त्रिवेनी,Triveni ,,17
थ,Th,,15
था,Tha,,12
थापर,Thapar,,12
थापी,Thapi,,19
द‚,"D,",y,24
दयानन्द,Dayanand,,18
दर्शनीय,Darshniy,,12
दर्शी,Darshi,,13
दलेल,Dalel,,11
दलेलनगर,Dalel nagar ,,13
दशमतल,Dashamtal,,13
दशवां,10,,18
दस,10,,19
दसवा,10,,18
दसवॉ,10,y,19
दह्तोरा,Dahtora ,,22
दाऊ,Dau,,22
दाऊदपुर,Daudpur,,20
दानिश,Danish,,17
दिगम्बर,Digambar ,,12
दिया,Diya,,20
दिव्यलोक,Divyalok,,18
दीनदयालउपाध्याय,Dindayal upadhyay ,,15
दीपकधाम,Deepak dham,,16
दीपनगर,Deep nagar,,12
दीवार,Deewar,,12
दुका,Duka,,12
दुकानं,Dukan,y,15
दुकानन,Dukanan,,11
दुर्गानगर,Durga nagar,,12
दुर्गापुरम,Durgapuram,,21
दुर्गेश,Durgesh,,14
दुष्यन्त,Dushyant,,14
दुसायत,Dusayat,,18
दुुकान,Dukan,,15
दूसरे,2nd,y,18
देवपुरी,Devpuri,,14
देवराज,Devraj ,,23
देवरेठा,Devretha,,13
दोयम,Doyam,,15
द्धारिका,Ddharika,y,18
द्रितीय,Dritiy,,12
द्रोपदी,Dropadi,,18
द्वद्तिय,Dvadtiy,y,16
द्वारकेशपुरम,Dwarkeshpuram,,14
द्वो,Dvo,,23
धनी,Dhani,,12
धरी,Dhari,,20
धर्मदास,Dharmdas,,13
धाकरे,Dhakre,,16
धाम‚,"Dham,",y,13
धीर,Dheer,,11
धु्व,Dhruv,y,16
ऩ,N,y,13
नं़,,Y,20
न。,,y,23
नं。,,y,24
न०़,,y,12
नईबस्ती,Nai basti,y,13
नंगर,Nangar,,11
नगरिया,Nagriya,,13
नजदीक,Najdeek,,16
नंदिनी,Nandini,,20
नदी,Nadi,,24
नदौता,Nadauta,,12
नन्दन,Nandan,,12
नन्दनन्दनधाम,Nand nandan dham,y,16
नप,Nap,,11
नंंबर,Numbar,,18
नबरी,Numbari ,y,20
नबाब,Nabab,,16
नमबरी,Numbari,,21
नम्‍बरान,Numbran,y,14
नम्ब्र,Nambra,,12
नयाबांस,Nayabans,,12
नयावास,Nayavas,,24
नयी,Nayi,,18
नरं,Nar,y,12
नरसीपुरम,Narsipuram,,15
नरायण,Narayan ,,11
नरी,Nari,,13
नरीपुरा‚,"Naripura,",y,21
नव,Nav,,21
नवनिकुंज,Navnikunj,,12
नवर,Navar,,11
नंवरी,Numberi,y,24
नवाव,Navav,,13
नवीपुर,Navipur,,24
नवॉ,9,y,19
नवॉमील,Navomil,y,20
नहचानी,Nahchani,,24
ना,Na,,12
नाई,Nai,y,16
नागराज,Nagraj,,20
नि०नं०,,Y,14
निकेत,Niket,,13
निठारी,Nithari,,13
निधि,Nidhi,,20
निनवाया,Ninvaya,,15
निम,Nim,,23
निमग,Nimag,,14
निमित,Nimit,,13
निम्बार्क,Nimbark,,21
निर्मितक्षे,Nirmitkshe ,,14
निर्मित्,Nirmit,y,21
निर्मीतक्षे,Nirmitkshe,,14
निस्फ,Nisf,,20
नीचे,Neeche,,18
नीबूलाल,Neebulal,,20
नीमा,Neema,,12
नील,Neel,,16
नूरपुर,Noorpur,,23
नूरी,Noori,,15
नेता,Neta,,17
नॉर्थ,North,,12
नो,No,,13
नोन,Non,,18
नौ,9,,15
नौबरी,Naubari,y,17
नौबस्ता,Naubasta,,15
नौवांतल,Nauvatal,y,19
नौहझील,Nauhzil,,18
नौहरा,Nauhara,,12
पंकज,Pankaj ,,20
पक्का,Pakka,,17
पक्की,Pakki,,12
पक्षका,Pakshka,,21
पक्षो,Paksho,,14
पक्षों,Paksho,y,21
पंचगाई,Panchgai,,24
पचगाईखेडा,Pachgai kheda,,19
पचगांईखेडा,Pangaikheda,y,14
पंचायती,Panchayati,,21
पचौरी,Pachauri,,16
पंजाबी,Punjabi,,18
पजाया,Pajaya,,12
पंजावी,Punjavi,y,17
पट,Pat,,12
पटटी,Patti,,20
पटिया,Patiya,,19
पंडित,Pandit,,14
पडी,Padi,,19
पतिपुरम,Patipuram,,12
पथवारी,Pathvari,,21
पथौली‚,"Pathauli,",y,23
पदमदीप,Padamdeep,,14
पदमपुरी,Padampuri,,15
पन्नापुर,Pannapur,,15
पब्लिक,Public,,24
पर‚,"Par,",y,12
परशुराम,Parshuram,,12
परषोत्तम,Parshottam ,,24
पर्ग,Parg,,12
पलाटस,Plot no,y,23
पलॉट,Plot,,20
पश्चात,Pashchat,y,11
पाकटोला,Paktola,,11
पाँच,5,,12
पाचवां,5,,22
पांचवातल,Panchvatal,,20
पांचवांतल,Panchavatal,y,11
पाट,Pat,,12
पांडव,Pandav,,19
पाण्‍डव,Pandav,,21
पातुरा,Patura,,21
पायसा,Paysa,,13
पार्किंग,Parking,,23
पार्श्वनाथ,Parshvanath,y,24
पार्स्वनाथ,Parsvanath,,19
पाली,Pali,,11
पाेइया,Poiya,,13
पी०,,Y,22
पीपरिया,Peepriya,,13
पीर,Peer,,11
पुण्डीर,Pundir,,17
पुनीत,Puneet,,17
पुरालोधी,Puralodhi,,17
पुरूषोत्तम,Purushottam,,13
पुर्वी,Purvi,,12
पुष्‍प,Pushp,,12
पुष्पविहार,Pushp vihar,,13
पूरन,Puran,,11
पूरी,Puri,,11
पूर्णतः,Purnath,y,16
पूर्णभाग,Purnbhag,,15
पूर्णै,Purnai,,12
पूर्बी,Purbi,,15
पूर्वपश्चिम,Purv pashchim ,,23
पूर्वीभाग,Purvibhag,,12
पृथ्वी,Pruthvi,y,15
पे०,,y,14
पेंट,Pent,,12
पेट्रोल,Petrol,,14
पेड,Ped,,18
पेराडाइज,Paradise,,19
पैठगली,Paithgali,,19
पैमाईश,Paimaish,,13
पॉक्ेट,,y,18
पॉच,5,y,24
पॉचवा,5,y,23
पोइंट,Point,,20
पोइन्ट,Point,,21
पोल्स,Pols,,12
पोस्ट,Post,,18
पौइंट,Point ,,16
पौल्स,Pols,y,11
प्,,y,19
प्जाट,Plot,,15
प्यारे,Pyare,,23
प्रगतिबिहार,Pragati bihar,,13
प्रणाली,Pranali,,16
प्रथम‚,"Pratham,",y,16
प्रथमचरण,Pratham charan,,15
प्रथमपक्षका,Pratham pakshka,,24
प्रथमपल,Prathampal,,15
प्रभु,Prabhu,,12
प्रमाण,Praman,,21
प्रमोद,Pramod,,22
प्रयोजन,Prayojan ,,11
प्रारम्भिक,Prarmbhik,y,12
प्रिय,Priy,,12
प्रीतिपुरम,Preetipuram,,14
प्रेमपुरम,Prempuram,,20
प्रेमवाटिका,Prem vatika,,23
प्रोफेसर,Professor ,,12
प्ल,Pl,,13
प्लाअस,Plaas,y,16
प्‍लाजा,Plaza,,12
प्लाजा‚,"Plaza,",y,19
प्लाजो,Plaza,,13
प्लाटं,Plot,,19
़प्लाट,Plot,Y,20
प्लाटखसरा,Plot khasra ,,22
प्लाटजिसका,Plot jiska,,17
प्‍लाटनं,Plot number ,,17
प्लाटसं०,Plot no,y,19
प्लाटस्,Plot no,y,11
प्लाटान,Plot no,y,13
प्लाटो,Plato,,19
प्लाठ,Plot,,23
प्लात,Plot,y,19
प्लान,Plan,,21
प्लूमेरिया,Plumeria,y,14
प्लेटिनम,Platinum ,,11
फडी,Fadi,,15
फतेहपुरसीकरी,Fatehpur sikri,,21
फलेैट,Flat ,,16
फलैअ,Falaia,y,17
फलैेट,Flat ,,17
फसली,Fasli,,19
फार्मस्,Farms,,12
फार्म्स,Farms,,16
फिट,Feet,,18
फ़िफ्थ,5th,,22
फिरोजाबाद,Firojabad,,12
फिलैैटनं,Flat number ,,17
फीनिक्स,Phoenix,y,21
फेज,Phase,,12
फेंस,Phase,,18
फैलीसा,Failisa,,12
फोरेस्ट,Forest,,14
फोर्ट,Fort,,11
फ़ोर्थ,4th,,19
फ्रेण्ड्स,Friends,,12
फ्रेन्‍डस,Friends,,11
फ्लाेर,Floor,,15
फ्लाैर,Floor ,,11
फ्लौर‚,"Floor,",y,12
बगदर,Bagdar,,12
बंगला,Bungalow ,,13
बंगाली,Bengali ,,15
बघेलान,Baghelan,,21
बजीर,Bajeer,,11
बदनपुर,Badanpur,,13
बंधक,Bandhak,,14
बन्धक,Bandhak,,13
बन्धकमुक्ति,Bandhakmukti,,23
बबूरी,Baburi,,17
बम्‍बा,Bamba,,16
बरखा,Barkha,,20
बरपुरा,Barpura,,19
बरामद,Baramad,,20
बराैली,Barauli,,14
बरूण,Barun,,15
बरोली,Baroli,,24
बरौदा,Baroda ,y,13
बलदाउ,Baldau,,12
बलदेव,Baldev,,13
बलवीर,Balveer,,19
बल्‍केश्‍वर,Balkeshvar,,12
बल्केश्वर‚,"Balkeshravar,",y,16
बल्देवकुंज,Baldevkunj,,21
बल्लभ,Ballabh,,22
बल्हैरा,Balhaira,,21
बंशीरतन,Banshiratan,,13
बस,Bus,,22
बसन्ती,Basanti,,13
बंसल,Bansal,,13
बसौती,Basauti,,12
बहिस्ताबाद‚,"Bahistabad,",y,13
बांईखेडा,Baikheda,y,13
बाउण्ड्रीबाल,Boundary wall,y,23
बाउन्ड्रीवाल,Boundary wall,y,24
बाकैै,Bakai,,19
बाग़,Bag,,17
बांगकला,Bangkala,,22
बागंर,Baganr,,14
बागौर,Bagaur,,21
बाजार‚,"Bajar,",,11
बाटी,Bati,,12
बाडा,Bada,,15
बाँधनू,Bandhanu,,15
बारहवांतल,Barhavantal,y,12
बालूगंज,Baluganj,,18
बांस,Bans,,14
बाॅके,Boke,y,14
बिक्रीत,Bikrit,,14
बिचपुरी‚,"Bichpuri, ",,18
बिल्टप,Built up ,,12
बिल्लोचपुरा,Billochpura,,13
बिसे,Bise,,15
बिस्वांसी,Bisvansi,,15
बिहार‚,"Bihar,",y,18
बिहारीजी,Bihariji,,19
बिहारीपुर,Biharipur,,13
बिहू,Bihu,,15
बिेहार,Bihar,,14
बी०एम०,BM,y,12
बी०एल०,BM,y,14
बी०एस०,Bs,y,16
बीएन,BN,,18
बीजीएफएस,BGFS,,19
बीटी,BT,,11
बीधा,Beedha,,15
बीमा,Bima,,18
बुढाना,Budhana,,18
बुद्धबिहार,Buddha bihar,,12
बृजकुंज,Brujkunj,,14
बृजेश,Brujesh,,15
बृन्दा,Brunda,,18
बेचना,Bechna,,22
बेल,Bel,,21
बेला‚,"Bela,",y,13
बेसमेट,Basement ,,17
बेसमंेट,,y,14
बैकुण्ड,Baikunth ,,15
बैक्ुण्ठधाम,,y,13
बैक्ुण्ठबिहार,,y,12
बैनई,Bainai,y,18
बैलोट,Bailot,,16
बैष्णो,Baishno,,16
बैष्णोधाम,Baishno dham,,16
बैसमेन्ट,Basement ,,11
बैस्ट,Best,,13
बौहरे,Bauhare,,17
ब्रजराज,Brajraj,,12
ब्रह्रमपुरी,Brahrampuri,,11
ब्राहम्ण,Brahman ,y,21
ब्लोक,Block,,21
भ,Bha,,21
भक्तिकुंज,Bhaktikunj,,15
भगवतीबाग,Bhagvatibaag,,16
भडाना,Bhadana,,18
भडीरी,Bhadiri,,15
भमि,Bhami,,24
भवनसं,Bhavansan,y,23
भागमुकिर,Bhagmukir,,14
भागयानि,Bhagyani,,17
भागयानी,Bhagyani,,23
भागव,Bhagav,,14
भागवत,Bhagvat,,17
भागीरथी,Bhagirathi,,15
भाडई,Bhadai,y,15
भारत,Bharat,,19
भारमुक्त,Bharmukt,,13
भााग,Bhag,y,23
भिलावटी,Bhilavati,,11
भीमनगर,Bheem nagar,,15
भुमि,land,,22
भू०,plot,y,15
भू०सं०,plot no,y,22
भूखड,Bhukhad,,11
भूखण,Bhukhan,,14
भूखणड,Bhukhanad,,15
भूखण्उ,,y,23
भूखण्डनम्बर,plot no,,13
भूमधिरी,Bhumdhiri,,13
भूमि‚खाता,"land, khata",,12
भूमिखण्ड,land parcel,,17
भूमिधर,land holder,,17
भूमिमुक्तिरिलीज,land release,y,24
भूमिुक्ति,land release,y,11
भूुखण्ड,Bhukhand,y,22
भूुमि,land,y,18
भूूतल,Bhutal,,13
भूूमि,land,,20
भैरो,Bhairo,,18
भैरों,Bhairo,y,17
भैंरो,Bhairo ,y,16
भैस,Bhais,,12
भोपुर,Bhopur,,16
भ्ज्ञाग,Bhdnyan,y,12
म०,,y,13
म०नं०,,y,23
मउ,Mau,,14
मका,Maka,,18
मकानजो,Makanjo,,11
मकानन,Makanan,,14
मकानवाटर,Makan watar,y,17
मगटई‚,"Magatai,",y,18
मंगला,Mangala,,12
मंगोली,Mangoli ,,16
मछली,Machali,,15
मजिल,Majil,,17
मजिंल,Majinl,y,14
मजिंला,Majinla,y,17
मंंजिला,Manjila,,14
मंजिले,Manjile,,17
मण्‍डी,Mandi,,20
मण्डी‚,"Mandi,",y,11
मदनपुरी,Madanpuri,,19
मधुनगर,Madhu nagar,,12
मधुबन,Madhuban,,12
मनकामेश्वर,Mankameshravar,y,16
मनकेंडा,Mankenda,,12
मनीवाटिका,Mani vatika,,20
मनीष,Manish,,18
मनोहरधाम,Manohar dham,,18
मनोहरपुरा,Manoharpura,,20
मन्जरी,Manjari,,16
मन्जिला,Manjila,,14
मन्दाकिनी,Mandakini,,24
मयापुर,Mayapur,,17
मयांपुर,Mayapur,y,16
मर,Mar,,24
मलपुरा‚,"Malpura,",y,17
मलवा,Malva,,18
मलिकपुर,Malikpur,,15
मलूक,Maluk,,19
मलूपुर,Malupur,,18
मल्टीप्लेक्स,Multiplex ,,23
मंशा,Mansha,,16
महदऊ,Mahadau,Y,22
महादेवी,Mahadevi,,19
महाराणा,Maharana,,24
महारानी,Maharani,,21
महावन,Mahavan,,16
महुआखेडा,Mahuaakheda,y,11
महेन्द,Mahend,,13
मा,Ma,,18
माईथान,Maithan,,14
माखन,Makhan,,19
मागरौल,Magraul,,20
माधुरी,Madhuri,,23
मान,Man,,19
मानस,Manas,,17
मानसरोवर,Mansarovar,,19
मायावन,Mayavan,,14
मारुति,Maruti,,16
मार्किट,Market ,,16
मार्केट‚,"Market,",y,12
मार्केटिंग‚,"Marketing, ",y,24
मालती,Malti,,15
माली,Mali,,15
मालीपाडा,Malipada,,12
माॅ,Ma,y,15
म़ि,Mi,,14
म़ि०,,y,12
मिटर,Meter,,14
मित्तल,Mittal,,13
मिनजुुमला,Minjumla,,14
मिनी,Mini,,21
मिरकबा,Mirakba,,18
मिलें,Mile,,12
मिलेहै,Milehai,,17
मिव,Miv,,11
मी़,Mi,,12
मी़०,,y,17
मीटर‚,"Meter,",y,13
मीटश्र,Mitshra,,19
मीटा,Mita,,16
मीनाक्षी,Minakshi,,20
मीर,Meer,,15
मुखवार,Mukhvar,,21
मुख्‍य,Mukhya,,17
मुगल,Mugal,,15
मुडेसी,Mudesi,,13
मुतवलियान,Mutavliyan,,15
मुरैण्डा,Murainda,,13
मुर्थरअलीपुर,Murthar alipur,,12
मुल्ला,Mulla,,21
मुहम्‍मदपुर,Muhammadpur ,,19
मूल,Mul,,17
मूला,Mula,,13
मूल्याकन,Mulyakan,,17
मेंअपने,Me apne,,12
मेंप्रथमपक्षका,Mai pratham pakshka,y,22
मेमेरा,Memera,,17
मेंरा,Mera,y,11
मेस,Mess,y,22
मेसें,Mese,y,12
मेस्थितएक,Me sthit ek,y,12
मेेंं,Rme,y,15
मेंे,,y,15
मैन,Main,,22
मॉं,,Y,21
मॉट,Mot,y,12
मो,Mo,,14
मोड़,Mod,,15
मोरवी,Moravi,,19
मोरवीनन्दन,Morvi nandan,,15
मोहनपुर,Mohanpur,,23
मोहम्मदपुर,Mohammadpur,,18
मोहल्‍ला,Mohalla,,12
मौैजा,Mauja,,16
म्याद,Myad,,16
य,Y,,20
यथाेचित,Yathochit,,18
यनि,Yani,,11
यनी,Yani,,12
यश,Yash,,13
यादव,Yadav,,19
यानीरकवा,Yanirakava,,13
यूजीएफ,UGF,,22
रं,Ran,y,23
रक०,,y,20
रकबा०,,Y,13
रकवाक्रमशः,Rakva kramashah,y,11
रकवाभूमिमूक्ति,Rakva bhumi mukti ,y,13
रकावा,Rakava,,22
रक्वा,Rakva,,17
रक्षा,Raksha,,16
रंगेश्वर,Rangeshravar,y,14
रत्नाकर,Ratnakar,,12
रमण,Raman,,13
रमन,Raman,,21
रमनरेती,Ramanreti,,12
रमेश,Ramesh,,14
रवा,Rava,,20
रश्मि,Rashimi,y,18
रसोई,Rasoi,,12
रहन,Rahan,,14
रहनकलां,Rahankala,y,17
रा,Ra,,11
राकवा,Rakva,,15
राकेश,Rakesh,,13
राघेधाम,Raghe dham,,19
राजउपवन,Raj upvan,,20
राजकमल,Rajkamal,,13
राजदीप,Rajdeep,,14
राजन,Rajan,,20
राजराजेश्वरी,Raj rajeshravari,y,11
राजविहार,Raj vihar ,,21
राजश्री,Rajshree,,12
राजेश्वर,Rajeshravar,y,13
राजेश्वरी,Rajeshravari,y,18
राठौर,Rathaur,,18
राधानिकुंज,Radhanikunj,,19
राधानिवास,Radha nivas,,22
राधास्वामी,Radha swami ,,11
राधेनगर,Radhe nagar,,19
रामकुन्ज,Ramkunj,,12
रामकृष्णपुरम,Ram krishnapuram ,,17
रामगंज,Ramganj,,23
रामजी,Ramji,,22
रामबिहार,Ram bihar,,14
रामश्याम,Ram shyam,,18
रामस्वरूप,Ram swaroop,,20
रामी,Rami,,19
रामेश्वर,Rameshravar,y,22
राय,Ray,,17
राल,Ral,,22
रावत,Ravat,,22
रास्ता,Rasta,,21
रास्तो,Rasto,,20
रिठौरा,Rithaura,,13
रिवर,River,,13
रिसाल,Risal,,13
रिहायसी,Rihayasi,,22
रुकमणी,Rukmani,,24
रू०,,y,13
रूई,Rui,,22
रूपया,Rupaya,,15
रूपये,Rupaye,,20
रूबी,Rubi,,23
रेजीडेन्स,Residence,,13
रेजीमेन्टल,Regimental ,,11
रेतिया,Retiya,,13
रेल,Rail,,16
रेस्टोरेन्ट,Restaurant ,,15
रेाड,Road,y,17
रैना,Raina,,19
रैपुरा,Raipura,,17
रोझौली,Rozauli,,15
रोयल,Royal,,18
रौची,Rauchi,,17
रौंची,Raunchi,,14
रौनक,Raunak,,20
रौसू,Rausu,,23
र्ग,Rg,y,13
र्गमी,Rgami,y,15
लक्ष्मन,Lakshman,,14
लक्ष्‍मी,Lakshmi,,24
लक्ष्मीधाम,Lakshmi dham,,12
लक्ष्मीनगर,Lakshmi nagar,,17
लखनामई,Lakhnamai,,11
लच्छीपुरा,Lacchipura,,17
लड़ामदा,Ladamada,,11
लम्वाई,Lamvai,,18
लव,Luv,y,23
लवीस,Lavis,,20
लाईन,Line,,24
लाईन्स,Lines,,17
लाईन्स‚,"Lines,",y,22
लाढपुर,Ladhpur,,12
लायर्स,Lawyers ,y,12
लार्ड,Lord,,18
लि०,,y,14
लिंकमार्ग,Linkmarg,,12
लिये,Liye,,13
लीला,Leela,,22
लुहार,Luhar,,16
लेन,Lane ,,11
लैटिन,Latrine ,y,12
लैटि्न,,y,12
लैट्रिन,Latrine ,,21
लैण्‍ड,Land,,13
लोधीनगर,Lodhinagar,,16
ल्यूमेरिया,Lyumeria,y,13
व०मी०खसरानं०,,Y,22
व०मीट०,,y,11
वकिया,Vakiya,,18
वगगज,Vaggaj,,15
वगर्मी,Vagarmi,,12
वग्रगज,Vagragaj,,22
वग्रमीटर,Vagrameter,,11
वग्री,Vagri,,21
वटा,Vata,,21
वनया,Vanya,,13
वनी,Vani,,17
वम,Vam,,20
वरपुरा,Varpura,,23
वरौली,Varauli,,15
वर्क्स,Works,,21
वर्गगज‚,Varggaj,,11
वर्गज,Vargaj,,15
वर्गमप्लाट,Vargam plot,,17
वर्गमीखसरा,Vargmi khasra ,,18
वर्गमीटर।,Vargmeter.,y,11
वर्गमीु,Vargmi,y,22
वर्गमूी,Vargmi,y,12
वर्ग्गज,Varggaj,,18
वर्ग्रमी,Vargrami,,13
वर्म,Varm,,24
वर्षाधाम,Varsha dham,,11
वव,Vav,,22
वंश,Vansh,,18
वशक्ल,Vashakl,,15
वसन्त,Vasant,,20
वसुंधरा,Vasundhara ,,16
वहरामपुर,Vahrampur,,14
वहा,Vaha,,12
वहिस्ताबाद‚,"Vahistabad,",y,23
वहिस्तावाद,Vahistavad,,17
वाईके,Vaike,,11
वाईपास,Vayipas,y,15
वाउन्ड्री,Boundary ,,15
वाउन्‍ड्रीवाल,Boundary wall ,y,16
वांकै,Vankai,,17
वाग,Vag,,19
वाजीदपुर,Vajidpur,,18
वाट,Vat,,12
वाटिक,Vatik,,16
वाटिका‚,"Vatika,",,12
वात्सल्य,Vatslya,,12
वाथरूम,Bathroom ,,21
वाद,Vad,,15
वानपुर,Vanpur,,12
वायु,Vayu,,18
वाल,Val,,21
वालाजीधाम,Valaji dham,,13
वाले,Vale,,21
वाहर,Vahar,,17
विकीत,Vikit,,22
विकेता,Viketa,,14
विकेय,Vikey,,17
वि‍क्रय,Vikray,,11
विक्रय्,Vikray ,y,19
विक्र्य,Vikry,y,14
विजली,Vijali,,19
विद्यानगर,Vidya nagar,,18
विद्यालय,Vidyalay,,15
विधाता,Vidhata,,22
विधापुर,Vidhapur,,22
विधालय,Vidhalay,,17
विधिचन्द,Vidhichand,,12
विध्या,Vidhya,,16
विनय,Vinay,,12
विल्टप,Viltap,,17
विशटाउन,Wish town,y,18
विशन,Vishan,,13
विश्वकर्मा,Vishravkarma,y,16
विश्वलक्ष्मी,Vishrav lakshmi,y,12
विश्वासपुरम,Vishravaspuram,y,11
विष्णुधाम,Vishnu dham,,17
विष्णू,Vishnu ,,24
विस्वांसी,Visvansi,,15
विस्सो,Visso,,15
विहर्ष,Viharsh,,21
विहारीपुर,Viharipur,,18
वी०,,y,12
वीघा,Veegha,,12
वीनापुरम,Veenapuram,,12
वीपी,VP,,17
वृजधाम,Vruj dham,,21
वृजराजधाम,Vrujraj dham,,12
वृंदा,Vrunda,,16
वृंदावन,Vrundavan,,13
वे,Way,,14
वेची,Vechi,,16
वेदान्त,Vedant,,12
वेली,Vally,y,24
वेस्ट,West,,12
वैघ,Vaigh,,12
वैध,Vaidh,,17
वैभव,Vaibhav,,16
वैंष्णो,Vaishno ,y,18
वैष्णोकुंज,Vaishnokunj,,19
वैष्णोनगर,Vaishno nagar,,14
व्०,,y,14
व्०मी०,,y,22
व्यवासियक,Vyavasayik,,12
व्यसायिक,Vyasayik,,16
व्यापारियान,Vyapariyan,,20
व्यास,Vyas,,13
व्रन्दावन,Vrandavan,,13
व्लॉक,Block ,,18
शकुन्तलाधाम,Shankuntala dham,,22
शक्ल,Shakl,,19
शगुन,Shagun,,16
शमसाबाद,Shamsabad,,12
शांति,Shanti,,20
शांतिवन,Shantivan,,12
शान्तीकुंज,Shantikunj,,22
शारदाकुंज,Shardakunj,,13
शालिनी,Shalini,,12
शास्‍त्रीपुरम,Shastripuram,,14
शाह,Shah,,17
शाहनगर,Shah nagar,,12
शिवजी,Shivji ,,15
शिवनाथ,Shivnath,,15
शिवबालानाथ,Shivbalanath,,22
शिवलिंग,Shivling,,13
शिववाला,Shiv vala,,14
शिवांश,Shivansh,,14
शीतला,Sheetala,,14
शीला,Sheela,,19
शुद्ध,Shuddh,,13
शुभमंगलम,Shubh mangalam,,22
शेख,Shekh,,14
शेखर,Shekhar,,15
शेखान,Shekhan,,11
शॉन्ती,Shonti,y,12
शोभाकुंज,Shobhakunj,,15
शौपिंग,Shopping ,,13
श्यामकुटी,Shyamkuti,,19
श्यामकुन्ज,Shyamkunj,,14
श्यामनगर,Shyam nagar,,22
श्यामबिहार,Shyam bihar,,23
श्यामसुन्दर,Shyam sundar,,19
श्यामाश्यामा,Shyama Shyama,,20
श्रीकृष्णकुंज,Shri krishnakunj ,,12
श्रीकृष्णलोक,Shri krishnalok,,20
श्रीजीकुन्ज,Shrijikunj ,,22
श्रीदाऊजी,Shri dauji,,14
श्रीपादधाम,Shripad dham,,18
श्रीबांके,Shree banke,,13
श्रीराधाकृष्णा,Shri radhakrishna ,,23
श्रीराधापुरम्,Shri radhapuram,y,24
श्रीराधेधाम,Shri radhe dham,,23
श्रीराधेश्याम,Shri radheshyam,,16
श्‍वेता,Shweta ,,20
षष्ठम,6th,y,22
सं़,no,y,17
सं。,no,y,19
सं०़,no,y,22
सं००,no,y,17
स०अ०,,y,20
सए,Sae,y,22
सकराया,Sakraya,,16
संख,Sankh,y,20
संख्य,Number,,19
सख्‍या,Number,,15
सख्‍ंया,Number,,20
सगुनापुर,Sagunapur,,21
संग्रहालय,Sangrahalay,,19
सटे,Sate,,17
संत,Sant,,24
सतवां,7,,16
संतोष,Santosh ,,18
सत्यनरायन,Satya narayan,,20
सत्यमबिहार,Satyam bihar,,14
सत्‍यवोध,Satyavodh,,14
सत्संगी,Satsangi,,17
सदौला,Sadaula,,21
सन्तोष,Santosh,,23
सन्‍तोषी,Santoshi,,21
सप्तऋषि,Saptrushi,,12
सप्‍तमतल,Saptamtal,,18
सफायर,Safayar,,22
सबसेक्टर,Sub sector,,20
समपत्ति,Samapatti,,24
समीर,Sameer,,15
सम्पतित,Sampatit,,21
संम्पत्ति,Sanmpatti,y,14
सम्पू,Sampu,,13
सम्पूण,Sampun,,23
सम्पूर्णरकवा,Sampurn rakva,,18
सम्पूर्ण्अंश,Sampurnansh,y,14
सम्पूर्न,Sampurn,,16
संया,Sanya,,12
संयुक्त,Sanyukt,,13
सरकारी,Sarkari,,19
सरजैपुर,Sarjaipur,,15
सरन,Saran,,14
सरवन,Sarvan,,17
सरसा,Sarsa,,16
सरस्‍वती,Saraswati ,,18
सलेमाबाद,Salemabad,,18
सलौनी,Salauni,,15
संव,Sanv,y,12
सस्कृति,Saskruti,,14
संस्‍कृति,Sanskruti ,,14
सहजुआ,Sahajuaa,y,12
सहारे,Sahare,,22
सही,Sahi,,23
सां,Number,y,12
साईं,Sai,,23
साईधाम,Sai dham,,22
साऊथ,South,,14
सागर,Sagar,,20
साटिफिकेट,Certificate ,y,15
सातवा,7,,18
सातवाँ,7,,18
सातवेतल,Satvetal,,12
साधन,Sadhan,,17
सांधन,Sandhan,,22
सामान्य,Samany,,13
सामिल,Samil,,20
सार्टिफिकट,Certificate ,,12
सिकतरा,Siktara,,22
सिकरवार,Sikarvar,,20
सिंगारपुर,Singarpur,,13
सिथत,Sithat,,18
सिद्धार्थ,Siddharth ,,16
सिध्दि,Siddhi,,21
सिरौली‚,"Sirauli,",y,18
सिलवर,Silver,,20
सिलसिला,Silsila,,13
सिलिंग,Ceiling ,,12
सी०पी०,,y,12
सीटी,City,,23
सीताराम,Seeta ram,,16
सीपी,CP,,11
सीमान्त,Simant,,17
सीमायें,Simaye,y,17
सुचेता,Sucheta,,13
सुतैडी,Sutaidi,,13
सुदर्शन,Sudarshan,,15
सुधा,Sudha,,14
सुमन,Suman ,,17
सुमित,Sumit ,,18
सुरभि,Surbhi,,14
सुरेश,Suresh,,18
सुल्तानपट्टी,Sultan patti,,19
सुशीला,Sushila,,17
संे,,y,20
सेअपने,Se apne,,17
सेकिंड,2nd,,14
सेकेवल,Sekeval,,14
सेंटर,Centre ,,12
सेड,Sed,y,11
सेन्टपॉल्स,,y,13
सेपरेट,Separate ,,15
सेप्रेट,Separate ,,15
सेमरा,Semra,,12
सेमरी,Semari,y,18
सेरकवा,Serkava,,22
सेवरा,Sevra,,13
सेवेन्थ,7,y,18
सैकण्ड,2nd,,17
सैकिंड,2nd,,14
सैकिन्ड,2nd,,18
सैपरेट,Separate ,,12
सैमरी‚,Saimari,y,16
सोना,Sona,,15
सोबरन,Sobaran,,16
सोमोती,Somoti,,22
सोवरन,Sovran,,16
सौमोती,Saumoti,,18
सौरभ,Saurabh,,14
स्,,y,16
स्०,,y,18
स्ं०,,y,23
स्‍कूल,School,,13
स्क्वार,Skvar,,15
स्टार,Star,,16
स्‍टेशन,Station,,14
स्टैट,State,,13
स्टोरेज,Storage ,,12
स्ट्रीट‘‘,Street,y,12
स्‍थित,located,,22
स्थि‍त,located,,18
स्थितहै,located,,14
स्थ्‍िात,located,,15
स्‍पेस,Space,,12
स्फायर,Sphire,y,19
स्वदेशी,Swadeshi,,16
स्वंयकर,Svanykar,y,12
स्‍वरूप,Swaroop,,12
स्‍वेता,Sveta,,16
स्‍िथत,located,,23
हक्टेयर,Hectare,,15
हयात,Hayat,,14
हरि,Hari,,13
हरिओम,Hari om,,13
हरिकुंज,Harikunj,,14
हरिजन,Harijan,,20
हरिवंश,Harivansh,,12
हरिशचन्द्र,Harishchandra,,19
हरीकुंज,Harikunj,,15
हरीदास,Haridas ,,19
हरीवाटिका,Hari vatika,,16
हरे,Hare,,11
हंस,Hans,,15
हाइट्स,Heights,,13
हाई,High,,23
हाईटेक,Hightech ,,12
हाथरस,Hathras,,23
हास्पीटल,Hospital,,14
हि०,,y,13
हिंगोट,Hingot ,,20
हिससे,Hisse,,17
हिसे,Hise,,11
हिस्स,Hiss,,24
हींग,Hing,,16
हुऐ,Hue,,16
हू,Hu,,16
हंे,,Y,22
हे०का,,y,14
हेक,Hek,y,12
हेक्ट,Hectare,y,12
हेक्टैयर,Hectare,,15
हेबिटेट,Habitat,,13
हेरिटेज,Heritage,,13
हेरीटेज,Heritage,,16
हेलियोस,Heliyos,,15
हेु,,y,17
हेैक्टेयर,Hectare ,,23
है़,Hai,,19
है।अन्दरून,,y,16
है‚अन्दरून,"Hai, Andrun",y,23
है०़,,y,21
है०अपना,,y,15
है०इस,,y,13
है०किता,,y,15
है०तय,,y,15
है०मेंप्रथमपक्ष,,y,14
है०वकदर,,y,12
हैअन्दरून,Hai andrun,y,13
हैक्अेयर,Hectare,y,19
हैक्ट०,,y,19
हैक्टेअर,Hectare ,,13
हैक्टेय,Hectare ,y,20
हैक्टै,Hectare ,y,17
हैक्टै०,,y,23
हैक्‍टैयर,Hectare,,19
हैजिसका,Hai jiska,,15
हैमें,Haime,y,17
हैव,Haiv,,18
हैॅ,Hai,y,18
हैे,Hai,,24
हैैक्टेयर,Hectare ,,13
हॉस्पीटल,Hospital,,17
होकर,Hokar,,16
होम,Home,,20
होल,Hall,,16
ाकबस,,y,16
ाट,,y,14
ानं,,y,17
ृ,,y,22
ेजी,,y,18
ेस,,y,17
ो,,y,24
्गाटा,,y,15
्ग्राउण्ड,,y,19
्प्रथमतल,,y,20
